state_abb,date,year,month,incidents
AL,2015-01-01,2015,1,364.0
AL,2015-02-01,2015,2,266.0
AL,2015-03-01,2015,3,358.0
AL,2015-04-01,2015,4,369.0
AL,2015-05-01,2015,5,360.0
AL,2015-06-01,2015,6,415.0
AL,2015-07-01,2015,7,382.0
AL,2015-08-01,2015,8,340.0
AL,2015-09-01,2015,9,376.0
AL,2015-10-01,2015,10,412.0
AL,2015-11-01,2015,11,390.0
AL,2015-12-01,2015,12,445.0
AL,2016-01-01,2016,1,324.0
AL,2016-02-01,2016,2,223.0
AL,2016-03-01,2016,3,260.0
AL,2016-04-01,2016,4,245.0
AL,2016-05-01,2016,5,264.0
AL,2016-06-01,2016,6,208.0
AL,2016-07-01,2016,7,277.0
AL,2016-08-01,2016,8,270.0
AL,2016-09-01,2016,9,253.0
AL,2016-10-01,2016,10,229.0
AL,2016-11-01,2016,11,243.0
AL,2016-12-01,2016,12,260.0
AL,2017-01-01,2017,1,298.0
AL,2017-02-01,2017,2,265.0
AL,2017-03-01,2017,3,297.0
AL,2017-04-01,2017,4,267.0
AL,2017-05-01,2017,5,327.0
AL,2017-06-01,2017,6,315.0
AL,2017-07-01,2017,7,333.0
AL,2017-08-01,2017,8,334.0
AL,2017-09-01,2017,9,302.0
AL,2017-10-01,2017,10,336.0
AL,2017-11-01,2017,11,328.0
AL,2017-12-01,2017,12,385.0
AL,2018-01-01,2018,1,376.0
AL,2018-02-01,2018,2,261.0
AL,2018-03-01,2018,3,85.0
AL,2018-04-01,2018,4,91.0
AL,2018-05-01,2018,5,279.0
AL,2018-06-01,2018,6,284.0
AL,2018-07-01,2018,7,218.0
AL,2018-08-01,2018,8,388.0
AL,2018-09-01,2018,9,187.0
AL,2018-10-01,2018,10,483.0
AL,2018-11-01,2018,11,389.0
AL,2018-12-01,2018,12,408.0
AL,2019-01-01,2019,1,470.0
AL,2019-02-01,2019,2,412.0
AL,2019-03-01,2019,3,412.0
AL,2019-04-01,2019,4,451.0
AL,2019-05-01,2019,5,483.0
AL,2019-06-01,2019,6,446.0
AL,2019-07-01,2019,7,546.0
AL,2019-08-01,2019,8,555.0
AL,2019-09-01,2019,9,461.0
AL,2019-10-01,2019,10,481.0
AL,2019-11-01,2019,11,489.0
AL,2019-12-01,2019,12,559.0
AL,2020-01-01,2020,1,2812.0
AL,2020-02-01,2020,2,2426.0
AL,2020-03-01,2020,3,2478.0
AL,2020-04-01,2020,4,2156.0
AL,2020-05-01,2020,5,2495.0
AL,2020-06-01,2020,6,1043.0
AL,2020-07-01,2020,7,606.0
AL,2020-08-01,2020,8,686.0
AL,2020-09-01,2020,9,691.0
AL,2020-10-01,2020,10,888.0
AL,2020-11-01,2020,11,772.0
AL,2020-12-01,2020,12,1413.0
AL,2021-01-01,2021,1,9627.0
AL,2021-02-01,2021,2,10997.0
AL,2021-03-01,2021,3,12278.0
AL,2021-04-01,2021,4,12017.0
AL,2021-05-01,2021,5,13897.0
AL,2021-06-01,2021,6,13549.0
AL,2021-07-01,2021,7,14960.0
AL,2021-08-01,2021,8,14933.0
AL,2021-09-01,2021,9,15636.0
AL,2021-10-01,2021,10,16661.0
AL,2021-11-01,2021,11,15562.0
AL,2021-12-01,2021,12,16534.0
AL,2022-01-01,2022,1,16385.0
AL,2022-02-01,2022,2,15775.0
AL,2022-03-01,2022,3,18084.0
AL,2022-04-01,2022,4,18759.0
AL,2022-05-01,2022,5,20781.0
AL,2022-06-01,2022,6,20035.0
AL,2022-07-01,2022,7,19866.0
AL,2022-08-01,2022,8,20278.0
AL,2022-09-01,2022,9,19771.0
AL,2022-10-01,2022,10,19528.0
AL,2022-11-01,2022,11,18066.0
AL,2022-12-01,2022,12,18506.0
AL,2023-01-01,2023,1,19290.0
AL,2023-02-01,2023,2,17342.0
AL,2023-03-01,2023,3,18862.0
AL,2023-04-01,2023,4,17333.0
AL,2023-05-01,2023,5,19406.0
AL,2023-06-01,2023,6,18185.0
AL,2023-07-01,2023,7,18896.0
AL,2023-08-01,2023,8,18569.0
AL,2023-09-01,2023,9,17294.0
AL,2023-10-01,2023,10,17167.0
AL,2023-11-01,2023,11,15563.0
AL,2023-12-01,2023,12,15207.0
AL,2024-01-01,2024,1,17000.0
AL,2024-02-01,2024,2,17170.0
AL,2024-03-01,2024,3,18075.0
AL,2024-04-01,2024,4,18267.0
AL,2024-05-01,2024,5,19679.0
AL,2024-06-01,2024,6,19205.0
AL,2024-07-01,2024,7,19862.0
AL,2024-08-01,2024,8,19923.0
AL,2024-09-01,2024,9,19020.0
AL,2024-10-01,2024,10,18865.0
AL,2024-11-01,2024,11,17196.0
AL,2024-12-01,2024,12,16930.0
AR,2015-01-01,2015,1,15661.0
AR,2015-02-01,2015,2,12044.0
AR,2015-03-01,2015,3,14919.0
AR,2015-04-01,2015,4,15462.0
AR,2015-05-01,2015,5,16980.0
AR,2015-06-01,2015,6,16515.0
AR,2015-07-01,2015,7,17616.0
AR,2015-08-01,2015,8,17179.0
AR,2015-09-01,2015,9,16841.0
AR,2015-10-01,2015,10,16443.0
AR,2015-11-01,2015,11,15263.0
AR,2015-12-01,2015,12,16305.0
AR,2016-01-01,2016,1,16081.0
AR,2016-02-01,2016,2,14627.0
AR,2016-03-01,2016,3,16556.0
AR,2016-04-01,2016,4,16735.0
AR,2016-05-01,2016,5,17404.0
AR,2016-06-01,2016,6,17333.0
AR,2016-07-01,2016,7,17706.0
AR,2016-08-01,2016,8,17848.0
AR,2016-09-01,2016,9,17038.0
AR,2016-10-01,2016,10,16959.0
AR,2016-11-01,2016,11,15737.0
AR,2016-12-01,2016,12,16149.0
AR,2017-01-01,2017,1,16883.0
AR,2017-02-01,2017,2,14913.0
AR,2017-03-01,2017,3,15729.0
AR,2017-04-01,2017,4,16272.0
AR,2017-05-01,2017,5,17516.0
AR,2017-06-01,2017,6,17198.0
AR,2017-07-01,2017,7,17251.0
AR,2017-08-01,2017,8,17129.0
AR,2017-09-01,2017,9,16517.0
AR,2017-10-01,2017,10,16456.0
AR,2017-11-01,2017,11,15383.0
AR,2017-12-01,2017,12,14987.0
AR,2018-01-01,2018,1,15586.0
AR,2018-02-01,2018,2,13898.0
AR,2018-03-01,2018,3,15883.0
AR,2018-04-01,2018,4,15976.0
AR,2018-05-01,2018,5,17668.0
AR,2018-06-01,2018,6,17093.0
AR,2018-07-01,2018,7,17824.0
AR,2018-08-01,2018,8,17918.0
AR,2018-09-01,2018,9,16992.0
AR,2018-10-01,2018,10,17338.0
AR,2018-11-01,2018,11,15444.0
AR,2018-12-01,2018,12,15612.0
AR,2019-01-01,2019,1,16274.0
AR,2019-02-01,2019,2,14286.0
AR,2019-03-01,2019,3,15485.0
AR,2019-04-01,2019,4,16173.0
AR,2019-05-01,2019,5,17207.0
AR,2019-06-01,2019,6,16222.0
AR,2019-07-01,2019,7,16871.0
AR,2019-08-01,2019,8,17047.0
AR,2019-09-01,2019,9,16665.0
AR,2019-10-01,2019,10,16340.0
AR,2019-11-01,2019,11,15151.0
AR,2019-12-01,2019,12,15654.0
AR,2020-01-01,2020,1,15717.0
AR,2020-02-01,2020,2,14437.0
AR,2020-03-01,2020,3,14228.0
AR,2020-04-01,2020,4,13738.0
AR,2020-05-01,2020,5,15870.0
AR,2020-06-01,2020,6,16287.0
AR,2020-07-01,2020,7,22939.0
AR,2020-08-01,2020,8,20205.0
AR,2020-09-01,2020,9,18614.0
AR,2020-10-01,2020,10,18518.0
AR,2020-11-01,2020,11,15963.0
AR,2020-12-01,2020,12,15509.0
AR,2021-01-01,2021,1,15533.0
AR,2021-02-01,2021,2,12322.0
AR,2021-03-01,2021,3,15457.0
AR,2021-04-01,2021,4,15815.0
AR,2021-05-01,2021,5,17219.0
AR,2021-06-01,2021,6,16344.0
AR,2021-07-01,2021,7,16587.0
AR,2021-08-01,2021,8,15981.0
AR,2021-09-01,2021,9,15971.0
AR,2021-10-01,2021,10,16289.0
AR,2021-11-01,2021,11,14683.0
AR,2021-12-01,2021,12,14798.0
AR,2022-01-01,2022,1,14108.0
AR,2022-02-01,2022,2,12678.0
AR,2022-03-01,2022,3,15002.0
AR,2022-04-01,2022,4,15771.0
AR,2022-05-01,2022,5,16413.0
AR,2022-06-01,2022,6,15797.0
AR,2022-07-01,2022,7,16070.0
AR,2022-08-01,2022,8,16097.0
AR,2022-09-01,2022,9,15051.0
AR,2022-10-01,2022,10,14949.0
AR,2022-11-01,2022,11,13622.0
AR,2022-12-01,2022,12,13735.0
AR,2023-01-01,2023,1,14306.0
AR,2023-02-01,2023,2,12609.0
AR,2023-03-01,2023,3,14273.0
AR,2023-04-01,2023,4,14210.0
AR,2023-05-01,2023,5,15221.0
AR,2023-06-01,2023,6,14131.0
AR,2023-07-01,2023,7,14631.0
AR,2023-08-01,2023,8,14872.0
AR,2023-09-01,2023,9,14305.0
AR,2023-10-01,2023,10,13990.0
AR,2023-11-01,2023,11,12452.0
AR,2023-12-01,2023,12,12638.0
AR,2024-01-01,2024,1,11674.0
AR,2024-02-01,2024,2,12197.0
AR,2024-03-01,2024,3,13069.0
AR,2024-04-01,2024,4,13165.0
AR,2024-05-01,2024,5,14138.0
AR,2024-06-01,2024,6,13271.0
AR,2024-07-01,2024,7,13701.0
AR,2024-08-01,2024,8,13650.0
AR,2024-09-01,2024,9,13115.0
AR,2024-10-01,2024,10,13200.0
AR,2024-11-01,2024,11,11600.0
AR,2024-12-01,2024,12,11401.0
AZ,2015-01-01,2015,1,1672.0
AZ,2015-02-01,2015,2,1451.0
AZ,2015-03-01,2015,3,1578.0
AZ,2015-04-01,2015,4,1611.0
AZ,2015-05-01,2015,5,1666.0
AZ,2015-06-01,2015,6,1607.0
AZ,2015-07-01,2015,7,1616.0
AZ,2015-08-01,2015,8,1487.0
AZ,2015-09-01,2015,9,1516.0
AZ,2015-10-01,2015,10,1387.0
AZ,2015-11-01,2015,11,1295.0
AZ,2015-12-01,2015,12,1418.0
AZ,2016-01-01,2016,1,1732.0
AZ,2016-02-01,2016,2,1554.0
AZ,2016-03-01,2016,3,1538.0
AZ,2016-04-01,2016,4,1500.0
AZ,2016-05-01,2016,5,1507.0
AZ,2016-06-01,2016,6,1490.0
AZ,2016-07-01,2016,7,1389.0
AZ,2016-08-01,2016,8,1492.0
AZ,2016-09-01,2016,9,979.0
AZ,2016-10-01,2016,10,1106.0
AZ,2016-11-01,2016,11,1078.0
AZ,2016-12-01,2016,12,1588.0
AZ,2017-01-01,2017,1,1660.0
AZ,2017-02-01,2017,2,1458.0
AZ,2017-03-01,2017,3,1654.0
AZ,2017-04-01,2017,4,1628.0
AZ,2017-05-01,2017,5,1592.0
AZ,2017-06-01,2017,6,1575.0
AZ,2017-07-01,2017,7,1466.0
AZ,2017-08-01,2017,8,1443.0
AZ,2017-09-01,2017,9,1525.0
AZ,2017-10-01,2017,10,1532.0
AZ,2017-11-01,2017,11,1465.0
AZ,2017-12-01,2017,12,1555.0
AZ,2018-01-01,2018,1,1523.0
AZ,2018-02-01,2018,2,1348.0
AZ,2018-03-01,2018,3,1516.0
AZ,2018-04-01,2018,4,1524.0
AZ,2018-05-01,2018,5,1686.0
AZ,2018-06-01,2018,6,1475.0
AZ,2018-07-01,2018,7,1462.0
AZ,2018-08-01,2018,8,1503.0
AZ,2018-09-01,2018,9,1500.0
AZ,2018-10-01,2018,10,1485.0
AZ,2018-11-01,2018,11,1247.0
AZ,2018-12-01,2018,12,1338.0
AZ,2019-01-01,2019,1,1544.0
AZ,2019-02-01,2019,2,1328.0
AZ,2019-03-01,2019,3,1611.0
AZ,2019-04-01,2019,4,1591.0
AZ,2019-05-01,2019,5,1760.0
AZ,2019-06-01,2019,6,1526.0
AZ,2019-07-01,2019,7,1916.0
AZ,2019-08-01,2019,8,1952.0
AZ,2019-09-01,2019,9,1983.0
AZ,2019-10-01,2019,10,1984.0
AZ,2019-11-01,2019,11,1863.0
AZ,2019-12-01,2019,12,2014.0
AZ,2020-01-01,2020,1,6437.0
AZ,2020-02-01,2020,2,6124.0
AZ,2020-03-01,2020,3,6016.0
AZ,2020-04-01,2020,4,5361.0
AZ,2020-05-01,2020,5,6005.0
AZ,2020-06-01,2020,6,5150.0
AZ,2020-07-01,2020,7,5516.0
AZ,2020-08-01,2020,8,5606.0
AZ,2020-09-01,2020,9,5688.0
AZ,2020-10-01,2020,10,6161.0
AZ,2020-11-01,2020,11,5689.0
AZ,2020-12-01,2020,12,5590.0
AZ,2021-01-01,2021,1,12825.0
AZ,2021-02-01,2021,2,12600.0
AZ,2021-03-01,2021,3,13002.0
AZ,2021-04-01,2021,4,12932.0
AZ,2021-05-01,2021,5,13446.0
AZ,2021-06-01,2021,6,12784.0
AZ,2021-07-01,2021,7,13309.0
AZ,2021-08-01,2021,8,13464.0
AZ,2021-09-01,2021,9,13741.0
AZ,2021-10-01,2021,10,14144.0
AZ,2021-11-01,2021,11,13105.0
AZ,2021-12-01,2021,12,13701.0
AZ,2022-01-01,2022,1,16359.0
AZ,2022-02-01,2022,2,15128.0
AZ,2022-03-01,2022,3,16873.0
AZ,2022-04-01,2022,4,16119.0
AZ,2022-05-01,2022,5,16675.0
AZ,2022-06-01,2022,6,15312.0
AZ,2022-07-01,2022,7,17114.0
AZ,2022-08-01,2022,8,17556.0
AZ,2022-09-01,2022,9,17050.0
AZ,2022-10-01,2022,10,16930.0
AZ,2022-11-01,2022,11,15634.0
AZ,2022-12-01,2022,12,16091.0
AZ,2023-01-01,2023,1,16595.0
AZ,2023-02-01,2023,2,15377.0
AZ,2023-03-01,2023,3,16608.0
AZ,2023-04-01,2023,4,16259.0
AZ,2023-05-01,2023,5,17016.0
AZ,2023-06-01,2023,6,15969.0
AZ,2023-07-01,2023,7,15826.0
AZ,2023-08-01,2023,8,16695.0
AZ,2023-09-01,2023,9,15915.0
AZ,2023-10-01,2023,10,16134.0
AZ,2023-11-01,2023,11,14827.0
AZ,2023-12-01,2023,12,14439.0
AZ,2024-01-01,2024,1,19145.0
AZ,2024-02-01,2024,2,19066.0
AZ,2024-03-01,2024,3,19987.0
AZ,2024-04-01,2024,4,20013.0
AZ,2024-05-01,2024,5,20674.0
AZ,2024-06-01,2024,6,18825.0
AZ,2024-07-01,2024,7,19222.0
AZ,2024-08-01,2024,8,19447.0
AZ,2024-09-01,2024,9,18441.0
AZ,2024-10-01,2024,10,18236.0
AZ,2024-11-01,2024,11,16890.0
AZ,2024-12-01,2024,12,15738.0
CO,2015-01-01,2015,1,21897.0
CO,2015-02-01,2015,2,18722.0
CO,2015-03-01,2015,3,22417.0
CO,2015-04-01,2015,4,22572.0
CO,2015-05-01,2015,5,22777.0
CO,2015-06-01,2015,6,22761.0
CO,2015-07-01,2015,7,23886.0
CO,2015-08-01,2015,8,24814.0
CO,2015-09-01,2015,9,23675.0
CO,2015-10-01,2015,10,24244.0
CO,2015-11-01,2015,11,21372.0
CO,2015-12-01,2015,12,22225.0
CO,2016-01-01,2016,1,23354.0
CO,2016-02-01,2016,2,21351.0
CO,2016-03-01,2016,3,23305.0
CO,2016-04-01,2016,4,23123.0
CO,2016-05-01,2016,5,24325.0
CO,2016-06-01,2016,6,24331.0
CO,2016-07-01,2016,7,24706.0
CO,2016-08-01,2016,8,25399.0
CO,2016-09-01,2016,9,24745.0
CO,2016-10-01,2016,10,25087.0
CO,2016-11-01,2016,11,22143.0
CO,2016-12-01,2016,12,21690.0
CO,2017-01-01,2017,1,23468.0
CO,2017-02-01,2017,2,21660.0
CO,2017-03-01,2017,3,23912.0
CO,2017-04-01,2017,4,23100.0
CO,2017-05-01,2017,5,24786.0
CO,2017-06-01,2017,6,24563.0
CO,2017-07-01,2017,7,25336.0
CO,2017-08-01,2017,8,25705.0
CO,2017-09-01,2017,9,24136.0
CO,2017-10-01,2017,10,24203.0
CO,2017-11-01,2017,11,22958.0
CO,2017-12-01,2017,12,22436.0
CO,2018-01-01,2018,1,24794.0
CO,2018-02-01,2018,2,20958.0
CO,2018-03-01,2018,3,24114.0
CO,2018-04-01,2018,4,24222.0
CO,2018-05-01,2018,5,24826.0
CO,2018-06-01,2018,6,23953.0
CO,2018-07-01,2018,7,25982.0
CO,2018-08-01,2018,8,26037.0
CO,2018-09-01,2018,9,25365.0
CO,2018-10-01,2018,10,25335.0
CO,2018-11-01,2018,11,22854.0
CO,2018-12-01,2018,12,23021.0
CO,2019-01-01,2019,1,23532.0
CO,2019-02-01,2019,2,20886.0
CO,2019-03-01,2019,3,22205.0
CO,2019-04-01,2019,4,23654.0
CO,2019-05-01,2019,5,24294.0
CO,2019-06-01,2019,6,24260.0
CO,2019-07-01,2019,7,25824.0
CO,2019-08-01,2019,8,26510.0
CO,2019-09-01,2019,9,25031.0
CO,2019-10-01,2019,10,24085.0
CO,2019-11-01,2019,11,22774.0
CO,2019-12-01,2019,12,23747.0
CO,2020-01-01,2020,1,25288.0
CO,2020-02-01,2020,2,21472.0
CO,2020-03-01,2020,3,22184.0
CO,2020-04-01,2020,4,22233.0
CO,2020-05-01,2020,5,24960.0
CO,2020-06-01,2020,6,25217.0
CO,2020-07-01,2020,7,26841.0
CO,2020-08-01,2020,8,28462.0
CO,2020-09-01,2020,9,27351.0
CO,2020-10-01,2020,10,27183.0
CO,2020-11-01,2020,11,26119.0
CO,2020-12-01,2020,12,30866.0
CO,2021-01-01,2021,1,34542.0
CO,2021-02-01,2021,2,27111.0
CO,2021-03-01,2021,3,33988.0
CO,2021-04-01,2021,4,26794.0
CO,2021-05-01,2021,5,28013.0
CO,2021-06-01,2021,6,27703.0
CO,2021-07-01,2021,7,28201.0
CO,2021-08-01,2021,8,28069.0
CO,2021-09-01,2021,9,28255.0
CO,2021-10-01,2021,10,27899.0
CO,2021-11-01,2021,11,27013.0
CO,2021-12-01,2021,12,27588.0
CO,2022-01-01,2022,1,27824.0
CO,2022-02-01,2022,2,25657.0
CO,2022-03-01,2022,3,28716.0
CO,2022-04-01,2022,4,28787.0
CO,2022-05-01,2022,5,28999.0
CO,2022-06-01,2022,6,27920.0
CO,2022-07-01,2022,7,29782.0
CO,2022-08-01,2022,8,29775.0
CO,2022-09-01,2022,9,27896.0
CO,2022-10-01,2022,10,27054.0
CO,2022-11-01,2022,11,25080.0
CO,2022-12-01,2022,12,24763.0
CO,2023-01-01,2023,1,26822.0
CO,2023-02-01,2023,2,24345.0
CO,2023-03-01,2023,3,27430.0
CO,2023-04-01,2023,4,25663.0
CO,2023-05-01,2023,5,27380.0
CO,2023-06-01,2023,6,26666.0
CO,2023-07-01,2023,7,27815.0
CO,2023-08-01,2023,8,27382.0
CO,2023-09-01,2023,9,25209.0
CO,2023-10-01,2023,10,25143.0
CO,2023-11-01,2023,11,23004.0
CO,2023-12-01,2023,12,23024.0
CO,2024-01-01,2024,1,25021.0
CO,2024-02-01,2024,2,23516.0
CO,2024-03-01,2024,3,23517.0
CO,2024-04-01,2024,4,23794.0
CO,2024-05-01,2024,5,25152.0
CO,2024-06-01,2024,6,24772.0
CO,2024-07-01,2024,7,26586.0
CO,2024-08-01,2024,8,26640.0
CO,2024-09-01,2024,9,26016.0
CO,2024-10-01,2024,10,25826.0
CO,2024-11-01,2024,11,21762.0
CO,2024-12-01,2024,12,23339.0
CT,2015-01-01,2015,1,6357.0
CT,2015-02-01,2015,2,5377.0
CT,2015-03-01,2015,3,7182.0
CT,2015-04-01,2015,4,7978.0
CT,2015-05-01,2015,5,7844.0
CT,2015-06-01,2015,6,7654.0
CT,2015-07-01,2015,7,8667.0
CT,2015-08-01,2015,8,8598.0
CT,2015-09-01,2015,9,8247.0
CT,2015-10-01,2015,10,8125.0
CT,2015-11-01,2015,11,7536.0
CT,2015-12-01,2015,12,7937.0
CT,2016-01-01,2016,1,7052.0
CT,2016-02-01,2016,2,6324.0
CT,2016-03-01,2016,3,7924.0
CT,2016-04-01,2016,4,7870.0
CT,2016-05-01,2016,5,8387.0
CT,2016-06-01,2016,6,8731.0
CT,2016-07-01,2016,7,8806.0
CT,2016-08-01,2016,8,9141.0
CT,2016-09-01,2016,9,8825.0
CT,2016-10-01,2016,10,8769.0
CT,2016-11-01,2016,11,8337.0
CT,2016-12-01,2016,12,7880.0
CT,2017-01-01,2017,1,7636.0
CT,2017-02-01,2017,2,6860.0
CT,2017-03-01,2017,3,7385.0
CT,2017-04-01,2017,4,7972.0
CT,2017-05-01,2017,5,8554.0
CT,2017-06-01,2017,6,8621.0
CT,2017-07-01,2017,7,9406.0
CT,2017-08-01,2017,8,9281.0
CT,2017-09-01,2017,9,8541.0
CT,2017-10-01,2017,10,8885.0
CT,2017-11-01,2017,11,8136.0
CT,2017-12-01,2017,12,7517.0
CT,2018-01-01,2018,1,7918.0
CT,2018-02-01,2018,2,7125.0
CT,2018-03-01,2018,3,7653.0
CT,2018-04-01,2018,4,7639.0
CT,2018-05-01,2018,5,8550.0
CT,2018-06-01,2018,6,9182.0
CT,2018-07-01,2018,7,9511.0
CT,2018-08-01,2018,8,9380.0
CT,2018-09-01,2018,9,8651.0
CT,2018-10-01,2018,10,9212.0
CT,2018-11-01,2018,11,8462.0
CT,2018-12-01,2018,12,8463.0
CT,2019-01-01,2019,1,7946.0
CT,2019-02-01,2019,2,7138.0
CT,2019-03-01,2019,3,7571.0
CT,2019-04-01,2019,4,7701.0
CT,2019-05-01,2019,5,8635.0
CT,2019-06-01,2019,6,8755.0
CT,2019-07-01,2019,7,9465.0
CT,2019-08-01,2019,8,9704.0
CT,2019-09-01,2019,9,9080.0
CT,2019-10-01,2019,10,9215.0
CT,2019-11-01,2019,11,8663.0
CT,2019-12-01,2019,12,8551.0
CT,2020-01-01,2020,1,9193.0
CT,2020-02-01,2020,2,8228.0
CT,2020-03-01,2020,3,7774.0
CT,2020-04-01,2020,4,6332.0
CT,2020-05-01,2020,5,7613.0
CT,2020-06-01,2020,6,8432.0
CT,2020-07-01,2020,7,9076.0
CT,2020-08-01,2020,8,9514.0
CT,2020-09-01,2020,9,9498.0
CT,2020-10-01,2020,10,9373.0
CT,2020-11-01,2020,11,8639.0
CT,2020-12-01,2020,12,8836.0
CT,2021-01-01,2021,1,9072.0
CT,2021-02-01,2021,2,7545.0
CT,2021-03-01,2021,3,9152.0
CT,2021-04-01,2021,4,8770.0
CT,2021-05-01,2021,5,9793.0
CT,2021-06-01,2021,6,9763.0
CT,2021-07-01,2021,7,10370.0
CT,2021-08-01,2021,8,9783.0
CT,2021-09-01,2021,9,9722.0
CT,2021-10-01,2021,10,10033.0
CT,2021-11-01,2021,11,9602.0
CT,2021-12-01,2021,12,9553.0
CT,2022-01-01,2022,1,8499.0
CT,2022-02-01,2022,2,8615.0
CT,2022-03-01,2022,3,9034.0
CT,2022-04-01,2022,4,8932.0
CT,2022-05-01,2022,5,9606.0
CT,2022-06-01,2022,6,9422.0
CT,2022-07-01,2022,7,10123.0
CT,2022-08-01,2022,8,11470.0
CT,2022-09-01,2022,9,9992.0
CT,2022-10-01,2022,10,9558.0
CT,2022-11-01,2022,11,9064.0
CT,2022-12-01,2022,12,9225.0
CT,2023-01-01,2023,1,10109.0
CT,2023-02-01,2023,2,8346.0
CT,2023-03-01,2023,3,9379.0
CT,2023-04-01,2023,4,9437.0
CT,2023-05-01,2023,5,11078.0
CT,2023-06-01,2023,6,10986.0
CT,2023-07-01,2023,7,12721.0
CT,2023-08-01,2023,8,10285.0
CT,2023-09-01,2023,9,8997.0
CT,2023-10-01,2023,10,9857.0
CT,2023-11-01,2023,11,9071.0
CT,2023-12-01,2023,12,8839.0
CT,2024-01-01,2024,1,8788.0
CT,2024-02-01,2024,2,8248.0
CT,2024-03-01,2024,3,8727.0
CT,2024-04-01,2024,4,8471.0
CT,2024-05-01,2024,5,8953.0
CT,2024-06-01,2024,6,8825.0
CT,2024-07-01,2024,7,9779.0
CT,2024-08-01,2024,8,9244.0
CT,2024-09-01,2024,9,9277.0
CT,2024-10-01,2024,10,8892.0
CT,2024-11-01,2024,11,8041.0
CT,2024-12-01,2024,12,7849.0
DC,2015-01-01,2015,1,220.0
DC,2015-02-01,2015,2,174.0
DC,2015-03-01,2015,3,256.0
DC,2015-04-01,2015,4,269.0
DC,2015-05-01,2015,5,322.0
DC,2015-06-01,2015,6,273.0
DC,2015-07-01,2015,7,286.0
DC,2015-08-01,2015,8,277.0
DC,2015-09-01,2015,9,299.0
DC,2015-10-01,2015,10,312.0
DC,2015-11-01,2015,11,248.0
DC,2015-12-01,2015,12,228.0
DC,2016-01-01,2016,1,247.0
DC,2016-02-01,2016,2,233.0
DC,2016-03-01,2016,3,292.0
DC,2016-04-01,2016,4,273.0
DC,2016-05-01,2016,5,361.0
DC,2016-06-01,2016,6,416.0
DC,2016-07-01,2016,7,309.0
DC,2016-08-01,2016,8,293.0
DC,2016-09-01,2016,9,288.0
DC,2016-10-01,2016,10,296.0
DC,2016-11-01,2016,11,267.0
DC,2016-12-01,2016,12,252.0
DC,2017-01-01,2017,1,271.0
DC,2017-02-01,2017,2,249.0
DC,2017-03-01,2017,3,236.0
DC,2017-04-01,2017,4,277.0
DC,2017-05-01,2017,5,282.0
DC,2017-06-01,2017,6,287.0
DC,2017-07-01,2017,7,269.0
DC,2017-08-01,2017,8,273.0
DC,2017-09-01,2017,9,302.0
DC,2017-10-01,2017,10,300.0
DC,2017-11-01,2017,11,258.0
DC,2017-12-01,2017,12,231.0
DC,2018-01-01,2018,1,234.0
DC,2018-02-01,2018,2,199.0
DC,2018-03-01,2018,3,255.0
DC,2018-04-01,2018,4,264.0
DC,2018-05-01,2018,5,284.0
DC,2018-06-01,2018,6,256.0
DC,2018-07-01,2018,7,248.0
DC,2018-08-01,2018,8,297.0
DC,2018-09-01,2018,9,262.0
DC,2018-10-01,2018,10,275.0
DC,2018-11-01,2018,11,250.0
DC,2018-12-01,2018,12,224.0
DC,2019-01-01,2019,1,255.0
DC,2019-02-01,2019,2,269.0
DC,2019-03-01,2019,3,306.0
DC,2019-04-01,2019,4,349.0
DC,2019-05-01,2019,5,327.0
DC,2019-06-01,2019,6,412.0
DC,2019-07-01,2019,7,378.0
DC,2019-08-01,2019,8,347.0
DC,2019-09-01,2019,9,352.0
DC,2019-10-01,2019,10,442.0
DC,2019-11-01,2019,11,338.0
DC,2019-12-01,2019,12,333.0
DC,2020-01-01,2020,1,307.0
DC,2020-02-01,2020,2,324.0
DC,2020-03-01,2020,3,202.0
DC,2020-04-01,2020,4,106.0
DC,2020-05-01,2020,5,131.0
DC,2020-06-01,2020,6,170.0
DC,2020-07-01,2020,7,145.0
DC,2020-08-01,2020,8,153.0
DC,2020-09-01,2020,9,166.0
DC,2020-10-01,2020,10,167.0
DC,2020-11-01,2020,11,184.0
DC,2020-12-01,2020,12,149.0
DC,2021-01-01,2021,1,133.0
DC,2021-02-01,2021,2,121.0
DC,2021-03-01,2021,3,167.0
DC,2021-04-01,2021,4,178.0
DC,2021-05-01,2021,5,190.0
DC,2021-06-01,2021,6,208.0
DC,2021-07-01,2021,7,187.0
DC,2021-08-01,2021,8,6517.0
DC,2021-09-01,2021,9,6582.0
DC,2021-10-01,2021,10,6526.0
DC,2021-11-01,2021,11,5293.0
DC,2021-12-01,2021,12,5071.0
DC,2022-01-01,2022,1,4633.0
DC,2022-02-01,2022,2,4306.0
DC,2022-03-01,2022,3,4910.0
DC,2022-04-01,2022,4,4748.0
DC,2022-05-01,2022,5,5043.0
DC,2022-06-01,2022,6,5060.0
DC,2022-07-01,2022,7,5281.0
DC,2022-08-01,2022,8,5220.0
DC,2022-09-01,2022,9,5068.0
DC,2022-10-01,2022,10,5399.0
DC,2022-11-01,2022,11,5165.0
DC,2022-12-01,2022,12,5198.0
DC,2023-01-01,2023,1,5824.0
DC,2023-02-01,2023,2,5389.0
DC,2023-03-01,2023,3,5724.0
DC,2023-04-01,2023,4,5702.0
DC,2023-05-01,2023,5,6562.0
DC,2023-06-01,2023,6,6679.0
DC,2023-07-01,2023,7,6261.0
DC,2023-08-01,2023,8,6881.0
DC,2023-09-01,2023,9,5900.0
DC,2023-10-01,2023,10,6352.0
DC,2023-11-01,2023,11,5652.0
DC,2023-12-01,2023,12,5360.0
DC,2024-01-01,2024,1,5185.0
DC,2024-02-01,2024,2,5046.0
DC,2024-03-01,2024,3,5042.0
DC,2024-04-01,2024,4,5040.0
DC,2024-05-01,2024,5,5628.0
DC,2024-06-01,2024,6,5614.0
DC,2024-07-01,2024,7,5689.0
DC,2024-08-01,2024,8,5515.0
DC,2024-09-01,2024,9,5807.0
DC,2024-10-01,2024,10,5869.0
DC,2024-11-01,2024,11,5402.0
DC,2024-12-01,2024,12,5225.0
DE,2015-01-01,2015,1,4733.0
DE,2015-02-01,2015,2,3875.0
DE,2015-03-01,2015,3,4493.0
DE,2015-04-01,2015,4,4944.0
DE,2015-05-01,2015,5,5457.0
DE,2015-06-01,2015,6,5596.0
DE,2015-07-01,2015,7,5843.0
DE,2015-08-01,2015,8,5854.0
DE,2015-09-01,2015,9,5465.0
DE,2015-10-01,2015,10,5567.0
DE,2015-11-01,2015,11,5345.0
DE,2015-12-01,2015,12,5739.0
DE,2016-01-01,2016,1,4736.0
DE,2016-02-01,2016,2,4637.0
DE,2016-03-01,2016,3,5183.0
DE,2016-04-01,2016,4,5258.0
DE,2016-05-01,2016,5,5568.0
DE,2016-06-01,2016,6,5637.0
DE,2016-07-01,2016,7,5421.0
DE,2016-08-01,2016,8,5581.0
DE,2016-09-01,2016,9,5237.0
DE,2016-10-01,2016,10,5615.0
DE,2016-11-01,2016,11,5094.0
DE,2016-12-01,2016,12,4889.0
DE,2017-01-01,2017,1,5026.0
DE,2017-02-01,2017,2,4390.0
DE,2017-03-01,2017,3,4614.0
DE,2017-04-01,2017,4,4878.0
DE,2017-05-01,2017,5,5308.0
DE,2017-06-01,2017,6,5234.0
DE,2017-07-01,2017,7,5499.0
DE,2017-08-01,2017,8,5500.0
DE,2017-09-01,2017,9,5142.0
DE,2017-10-01,2017,10,5020.0
DE,2017-11-01,2017,11,4758.0
DE,2017-12-01,2017,12,4513.0
DE,2018-01-01,2018,1,4761.0
DE,2018-02-01,2018,2,4344.0
DE,2018-03-01,2018,3,4501.0
DE,2018-04-01,2018,4,4669.0
DE,2018-05-01,2018,5,4999.0
DE,2018-06-01,2018,6,5152.0
DE,2018-07-01,2018,7,5305.0
DE,2018-08-01,2018,8,5556.0
DE,2018-09-01,2018,9,4976.0
DE,2018-10-01,2018,10,5010.0
DE,2018-11-01,2018,11,4590.0
DE,2018-12-01,2018,12,4750.0
DE,2019-01-01,2019,1,4808.0
DE,2019-02-01,2019,2,4020.0
DE,2019-03-01,2019,3,4404.0
DE,2019-04-01,2019,4,4688.0
DE,2019-05-01,2019,5,5142.0
DE,2019-06-01,2019,6,5265.0
DE,2019-07-01,2019,7,5407.0
DE,2019-08-01,2019,8,5618.0
DE,2019-09-01,2019,9,5004.0
DE,2019-10-01,2019,10,4956.0
DE,2019-11-01,2019,11,4576.0
DE,2019-12-01,2019,12,4657.0
DE,2020-01-01,2020,1,5152.0
DE,2020-02-01,2020,2,4357.0
DE,2020-03-01,2020,3,4149.0
DE,2020-04-01,2020,4,3590.0
DE,2020-05-01,2020,5,3969.0
DE,2020-06-01,2020,6,4462.0
DE,2020-07-01,2020,7,4157.0
DE,2020-08-01,2020,8,4600.0
DE,2020-09-01,2020,9,4556.0
DE,2020-10-01,2020,10,4597.0
DE,2020-11-01,2020,11,3954.0
DE,2020-12-01,2020,12,3795.0
DE,2021-01-01,2021,1,3849.0
DE,2021-02-01,2021,2,3655.0
DE,2021-03-01,2021,3,4413.0
DE,2021-04-01,2021,4,4362.0
DE,2021-05-01,2021,5,4938.0
DE,2021-06-01,2021,6,5582.0
DE,2021-07-01,2021,7,5044.0
DE,2021-08-01,2021,8,4826.0
DE,2021-09-01,2021,9,4680.0
DE,2021-10-01,2021,10,4687.0
DE,2021-11-01,2021,11,4547.0
DE,2021-12-01,2021,12,4352.0
DE,2022-01-01,2022,1,3989.0
DE,2022-02-01,2022,2,4102.0
DE,2022-03-01,2022,3,4394.0
DE,2022-04-01,2022,4,4257.0
DE,2022-05-01,2022,5,4670.0
DE,2022-06-01,2022,6,4896.0
DE,2022-07-01,2022,7,4974.0
DE,2022-08-01,2022,8,4663.0
DE,2022-09-01,2022,9,4446.0
DE,2022-10-01,2022,10,4504.0
DE,2022-11-01,2022,11,4323.0
DE,2022-12-01,2022,12,4186.0
DE,2023-01-01,2023,1,4369.0
DE,2023-02-01,2023,2,3810.0
DE,2023-03-01,2023,3,4423.0
DE,2023-04-01,2023,4,4430.0
DE,2023-05-01,2023,5,4551.0
DE,2023-06-01,2023,6,4196.0
DE,2023-07-01,2023,7,4496.0
DE,2023-08-01,2023,8,4432.0
DE,2023-09-01,2023,9,4322.0
DE,2023-10-01,2023,10,4317.0
DE,2023-11-01,2023,11,3892.0
DE,2023-12-01,2023,12,3829.0
DE,2024-01-01,2024,1,3899.0
DE,2024-02-01,2024,2,3597.0
DE,2024-03-01,2024,3,3820.0
DE,2024-04-01,2024,4,4077.0
DE,2024-05-01,2024,5,4423.0
DE,2024-06-01,2024,6,4230.0
DE,2024-07-01,2024,7,4628.0
DE,2024-08-01,2024,8,4207.0
DE,2024-09-01,2024,9,4234.0
DE,2024-10-01,2024,10,4348.0
DE,2024-11-01,2024,11,3835.0
DE,2024-12-01,2024,12,3619.0
FL,2017-01-01,2017,1,47.0
FL,2017-02-01,2017,2,4.0
FL,2017-03-01,2017,3,9.0
FL,2017-04-01,2017,4,6.0
FL,2017-05-01,2017,5,10.0
FL,2017-06-01,2017,6,7.0
FL,2017-07-01,2017,7,12.0
FL,2017-08-01,2017,8,8.0
FL,2017-09-01,2017,9,11.0
FL,2017-10-01,2017,10,7.0
FL,2017-11-01,2017,11,8.0
FL,2017-12-01,2017,12,9.0
FL,2018-01-01,2018,1,74.0
FL,2018-02-01,2018,2,12.0
FL,2018-03-01,2018,3,14.0
FL,2018-04-01,2018,4,10.0
FL,2018-05-01,2018,5,11.0
FL,2018-06-01,2018,6,13.0
FL,2018-07-01,2018,7,18.0
FL,2018-08-01,2018,8,18.0
FL,2018-09-01,2018,9,21.0
FL,2018-10-01,2018,10,21.0
FL,2018-11-01,2018,11,23.0
FL,2018-12-01,2018,12,17.0
FL,2019-01-01,2019,1,114.0
FL,2019-02-01,2019,2,34.0
FL,2019-03-01,2019,3,40.0
FL,2019-04-01,2019,4,34.0
FL,2019-05-01,2019,5,39.0
FL,2019-06-01,2019,6,44.0
FL,2019-07-01,2019,7,63.0
FL,2019-08-01,2019,8,62.0
FL,2019-09-01,2019,9,81.0
FL,2019-10-01,2019,10,67.0
FL,2019-11-01,2019,11,69.0
FL,2019-12-01,2019,12,77.0
FL,2020-01-01,2020,1,214.0
FL,2020-02-01,2020,2,116.0
FL,2020-03-01,2020,3,134.0
FL,2020-04-01,2020,4,96.0
FL,2020-05-01,2020,5,88.0
FL,2020-06-01,2020,6,113.0
FL,2020-07-01,2020,7,129.0
FL,2020-08-01,2020,8,150.0
FL,2020-09-01,2020,9,163.0
FL,2020-10-01,2020,10,225.0
FL,2020-11-01,2020,11,191.0
FL,2020-12-01,2020,12,480.0
FL,2021-01-01,2021,1,13979.0
FL,2021-02-01,2021,2,12710.0
FL,2021-03-01,2021,3,13418.0
FL,2021-04-01,2021,4,12841.0
FL,2021-05-01,2021,5,14042.0
FL,2021-06-01,2021,6,13653.0
FL,2021-07-01,2021,7,13995.0
FL,2021-08-01,2021,8,16660.0
FL,2021-09-01,2021,9,16267.0
FL,2021-10-01,2021,10,17474.0
FL,2021-11-01,2021,11,15975.0
FL,2021-12-01,2021,12,18286.0
FL,2022-01-01,2022,1,22746.0
FL,2022-02-01,2022,2,21710.0
FL,2022-03-01,2022,3,23773.0
FL,2022-04-01,2022,4,23393.0
FL,2022-05-01,2022,5,23959.0
FL,2022-06-01,2022,6,22919.0
FL,2022-07-01,2022,7,25602.0
FL,2022-08-01,2022,8,26755.0
FL,2022-09-01,2022,9,26291.0
FL,2022-10-01,2022,10,27333.0
FL,2022-11-01,2022,11,25800.0
FL,2022-12-01,2022,12,25353.0
FL,2023-01-01,2023,1,26094.0
FL,2023-02-01,2023,2,23852.0
FL,2023-03-01,2023,3,28152.0
FL,2023-04-01,2023,4,27084.0
FL,2023-05-01,2023,5,28284.0
FL,2023-06-01,2023,6,26492.0
FL,2023-07-01,2023,7,27793.0
FL,2023-08-01,2023,8,28023.0
FL,2023-09-01,2023,9,27466.0
FL,2023-10-01,2023,10,28767.0
FL,2023-11-01,2023,11,25624.0
FL,2023-12-01,2023,12,26219.0
FL,2024-01-01,2024,1,36320.0
FL,2024-02-01,2024,2,32873.0
FL,2024-03-01,2024,3,33761.0
FL,2024-04-01,2024,4,33865.0
FL,2024-05-01,2024,5,34849.0
FL,2024-06-01,2024,6,32404.0
FL,2024-07-01,2024,7,33243.0
FL,2024-08-01,2024,8,32200.0
FL,2024-09-01,2024,9,31382.0
FL,2024-10-01,2024,10,30841.0
FL,2024-11-01,2024,11,30017.0
FL,2024-12-01,2024,12,27905.0
IA,2015-01-01,2015,1,10021.0
IA,2015-02-01,2015,2,8303.0
IA,2015-03-01,2015,3,10339.0
IA,2015-04-01,2015,4,11510.0
IA,2015-05-01,2015,5,11757.0
IA,2015-06-01,2015,6,11459.0
IA,2015-07-01,2015,7,12037.0
IA,2015-08-01,2015,8,12209.0
IA,2015-09-01,2015,9,12001.0
IA,2015-10-01,2015,10,12281.0
IA,2015-11-01,2015,11,10739.0
IA,2015-12-01,2015,12,11192.0
IA,2016-01-01,2016,1,10159.0
IA,2016-02-01,2016,2,9656.0
IA,2016-03-01,2016,3,10883.0
IA,2016-04-01,2016,4,11119.0
IA,2016-05-01,2016,5,11787.0
IA,2016-06-01,2016,6,11887.0
IA,2016-07-01,2016,7,12204.0
IA,2016-08-01,2016,8,12702.0
IA,2016-09-01,2016,9,12506.0
IA,2016-10-01,2016,10,12835.0
IA,2016-11-01,2016,11,11402.0
IA,2016-12-01,2016,12,10280.0
IA,2017-01-01,2017,1,10463.0
IA,2017-02-01,2017,2,9855.0
IA,2017-03-01,2017,3,11087.0
IA,2017-04-01,2017,4,11401.0
IA,2017-05-01,2017,5,11621.0
IA,2017-06-01,2017,6,11627.0
IA,2017-07-01,2017,7,12377.0
IA,2017-08-01,2017,8,12579.0
IA,2017-09-01,2017,9,12393.0
IA,2017-10-01,2017,10,12554.0
IA,2017-11-01,2017,11,11063.0
IA,2017-12-01,2017,12,10418.0
IA,2018-01-01,2018,1,9774.0
IA,2018-02-01,2018,2,8110.0
IA,2018-03-01,2018,3,10268.0
IA,2018-04-01,2018,4,9724.0
IA,2018-05-01,2018,5,9714.0
IA,2018-06-01,2018,6,9039.0
IA,2018-07-01,2018,7,9004.0
IA,2018-08-01,2018,8,8944.0
IA,2018-09-01,2018,9,8641.0
IA,2018-10-01,2018,10,8586.0
IA,2018-11-01,2018,11,6830.0
IA,2018-12-01,2018,12,7150.0
IA,2019-01-01,2019,1,9465.0
IA,2019-02-01,2019,2,8260.0
IA,2019-03-01,2019,3,9887.0
IA,2019-04-01,2019,4,10642.0
IA,2019-05-01,2019,5,11241.0
IA,2019-06-01,2019,6,11225.0
IA,2019-07-01,2019,7,11672.0
IA,2019-08-01,2019,8,11897.0
IA,2019-09-01,2019,9,11305.0
IA,2019-10-01,2019,10,11295.0
IA,2019-11-01,2019,11,10344.0
IA,2019-12-01,2019,12,10477.0
IA,2020-01-01,2020,1,9941.0
IA,2020-02-01,2020,2,9305.0
IA,2020-03-01,2020,3,9412.0
IA,2020-04-01,2020,4,8608.0
IA,2020-05-01,2020,5,9378.0
IA,2020-06-01,2020,6,10374.0
IA,2020-07-01,2020,7,11056.0
IA,2020-08-01,2020,8,11572.0
IA,2020-09-01,2020,9,10924.0
IA,2020-10-01,2020,10,10656.0
IA,2020-11-01,2020,11,9796.0
IA,2020-12-01,2020,12,9362.0
IA,2021-01-01,2021,1,8702.0
IA,2021-02-01,2021,2,7486.0
IA,2021-03-01,2021,3,9354.0
IA,2021-04-01,2021,4,9190.0
IA,2021-05-01,2021,5,9819.0
IA,2021-06-01,2021,6,9791.0
IA,2021-07-01,2021,7,9972.0
IA,2021-08-01,2021,8,10334.0
IA,2021-09-01,2021,9,10371.0
IA,2021-10-01,2021,10,10293.0
IA,2021-11-01,2021,11,9323.0
IA,2021-12-01,2021,12,8889.0
IA,2022-01-01,2022,1,7117.0
IA,2022-02-01,2022,2,6958.0
IA,2022-03-01,2022,3,8311.0
IA,2022-04-01,2022,4,8268.0
IA,2022-05-01,2022,5,10081.0
IA,2022-06-01,2022,6,9674.0
IA,2022-07-01,2022,7,10330.0
IA,2022-08-01,2022,8,10181.0
IA,2022-09-01,2022,9,9522.0
IA,2022-10-01,2022,10,9378.0
IA,2022-11-01,2022,11,8669.0
IA,2022-12-01,2022,12,8378.0
IA,2023-01-01,2023,1,9212.0
IA,2023-02-01,2023,2,8238.0
IA,2023-03-01,2023,3,9306.0
IA,2023-04-01,2023,4,9469.0
IA,2023-05-01,2023,5,10164.0
IA,2023-06-01,2023,6,9854.0
IA,2023-07-01,2023,7,10284.0
IA,2023-08-01,2023,8,10382.0
IA,2023-09-01,2023,9,9913.0
IA,2023-10-01,2023,10,9728.0
IA,2023-11-01,2023,11,8968.0
IA,2023-12-01,2023,12,8727.0
IA,2024-01-01,2024,1,7940.0
IA,2024-02-01,2024,2,8652.0
IA,2024-03-01,2024,3,8729.0
IA,2024-04-01,2024,4,8893.0
IA,2024-05-01,2024,5,9691.0
IA,2024-06-01,2024,6,9300.0
IA,2024-07-01,2024,7,9772.0
IA,2024-08-01,2024,8,9610.0
IA,2024-09-01,2024,9,9593.0
IA,2024-10-01,2024,10,9450.0
IA,2024-11-01,2024,11,8338.0
IA,2024-12-01,2024,12,8076.0
ID,2015-01-01,2015,1,5348.0
ID,2015-02-01,2015,2,5029.0
ID,2015-03-01,2015,3,5834.0
ID,2015-04-01,2015,4,5401.0
ID,2015-05-01,2015,5,5764.0
ID,2015-06-01,2015,6,5989.0
ID,2015-07-01,2015,7,6260.0
ID,2015-08-01,2015,8,6294.0
ID,2015-09-01,2015,9,6026.0
ID,2015-10-01,2015,10,6134.0
ID,2015-11-01,2015,11,5165.0
ID,2015-12-01,2015,12,5114.0
ID,2016-01-01,2016,1,5455.0
ID,2016-02-01,2016,2,5180.0
ID,2016-03-01,2016,3,5562.0
ID,2016-04-01,2016,4,5931.0
ID,2016-05-01,2016,5,6048.0
ID,2016-06-01,2016,6,5977.0
ID,2016-07-01,2016,7,6437.0
ID,2016-08-01,2016,8,6158.0
ID,2016-09-01,2016,9,5679.0
ID,2016-10-01,2016,10,5977.0
ID,2016-11-01,2016,11,5564.0
ID,2016-12-01,2016,12,5069.0
ID,2017-01-01,2017,1,4933.0
ID,2017-02-01,2017,2,4991.0
ID,2017-03-01,2017,3,5895.0
ID,2017-04-01,2017,4,5840.0
ID,2017-05-01,2017,5,5880.0
ID,2017-06-01,2017,6,5933.0
ID,2017-07-01,2017,7,6448.0
ID,2017-08-01,2017,8,6374.0
ID,2017-09-01,2017,9,6130.0
ID,2017-10-01,2017,10,6255.0
ID,2017-11-01,2017,11,5653.0
ID,2017-12-01,2017,12,5705.0
ID,2018-01-01,2018,1,5851.0
ID,2018-02-01,2018,2,5024.0
ID,2018-03-01,2018,3,5913.0
ID,2018-04-01,2018,4,5700.0
ID,2018-05-01,2018,5,6065.0
ID,2018-06-01,2018,6,5706.0
ID,2018-07-01,2018,7,6388.0
ID,2018-08-01,2018,8,6363.0
ID,2018-09-01,2018,9,5885.0
ID,2018-10-01,2018,10,5979.0
ID,2018-11-01,2018,11,5399.0
ID,2018-12-01,2018,12,5301.0
ID,2019-01-01,2019,1,5500.0
ID,2019-02-01,2019,2,4791.0
ID,2019-03-01,2019,3,5392.0
ID,2019-04-01,2019,4,5251.0
ID,2019-05-01,2019,5,5877.0
ID,2019-06-01,2019,6,5619.0
ID,2019-07-01,2019,7,5782.0
ID,2019-08-01,2019,8,5900.0
ID,2019-09-01,2019,9,5451.0
ID,2019-10-01,2019,10,5277.0
ID,2019-11-01,2019,11,5125.0
ID,2019-12-01,2019,12,5269.0
ID,2020-01-01,2020,1,5218.0
ID,2020-02-01,2020,2,5007.0
ID,2020-03-01,2020,3,4865.0
ID,2020-04-01,2020,4,4582.0
ID,2020-05-01,2020,5,5390.0
ID,2020-06-01,2020,6,5227.0
ID,2020-07-01,2020,7,5879.0
ID,2020-08-01,2020,8,5893.0
ID,2020-09-01,2020,9,5553.0
ID,2020-10-01,2020,10,5620.0
ID,2020-11-01,2020,11,4989.0
ID,2020-12-01,2020,12,4811.0
ID,2021-01-01,2021,1,5035.0
ID,2021-02-01,2021,2,4681.0
ID,2021-03-01,2021,3,5311.0
ID,2021-04-01,2021,4,5205.0
ID,2021-05-01,2021,5,5615.0
ID,2021-06-01,2021,6,5401.0
ID,2021-07-01,2021,7,5401.0
ID,2021-08-01,2021,8,5268.0
ID,2021-09-01,2021,9,5252.0
ID,2021-10-01,2021,10,4937.0
ID,2021-11-01,2021,11,5036.0
ID,2021-12-01,2021,12,4675.0
ID,2022-01-01,2022,1,4860.0
ID,2022-02-01,2022,2,4637.0
ID,2022-03-01,2022,3,5436.0
ID,2022-04-01,2022,4,5329.0
ID,2022-05-01,2022,5,5736.0
ID,2022-06-01,2022,6,5383.0
ID,2022-07-01,2022,7,5525.0
ID,2022-08-01,2022,8,5740.0
ID,2022-09-01,2022,9,5834.0
ID,2022-10-01,2022,10,5365.0
ID,2022-11-01,2022,11,4735.0
ID,2022-12-01,2022,12,4576.0
ID,2023-01-01,2023,1,4833.0
ID,2023-02-01,2023,2,4597.0
ID,2023-03-01,2023,3,4838.0
ID,2023-04-01,2023,4,5029.0
ID,2023-05-01,2023,5,5332.0
ID,2023-06-01,2023,6,5126.0
ID,2023-07-01,2023,7,5459.0
ID,2023-08-01,2023,8,5013.0
ID,2023-09-01,2023,9,4820.0
ID,2023-10-01,2023,10,4762.0
ID,2023-11-01,2023,11,4465.0
ID,2023-12-01,2023,12,4204.0
ID,2024-01-01,2024,1,4411.0
ID,2024-02-01,2024,2,4617.0
ID,2024-03-01,2024,3,4780.0
ID,2024-04-01,2024,4,4710.0
ID,2024-05-01,2024,5,4940.0
ID,2024-06-01,2024,6,4794.0
ID,2024-07-01,2024,7,5186.0
ID,2024-08-01,2024,8,4939.0
ID,2024-09-01,2024,9,4731.0
ID,2024-10-01,2024,10,4687.0
ID,2024-11-01,2024,11,4125.0
ID,2024-12-01,2024,12,3849.0
IL,2015-01-01,2015,1,1156.0
IL,2015-02-01,2015,2,846.0
IL,2015-03-01,2015,3,1087.0
IL,2015-04-01,2015,4,1151.0
IL,2015-05-01,2015,5,1336.0
IL,2015-06-01,2015,6,1349.0
IL,2015-07-01,2015,7,1398.0
IL,2015-08-01,2015,8,1423.0
IL,2015-09-01,2015,9,1313.0
IL,2015-10-01,2015,10,1341.0
IL,2015-11-01,2015,11,1213.0
IL,2015-12-01,2015,12,1221.0
IL,2016-01-01,2016,1,1059.0
IL,2016-02-01,2016,2,960.0
IL,2016-03-01,2016,3,1202.0
IL,2016-04-01,2016,4,1168.0
IL,2016-05-01,2016,5,1279.0
IL,2016-06-01,2016,6,1295.0
IL,2016-07-01,2016,7,1391.0
IL,2016-08-01,2016,8,1282.0
IL,2016-09-01,2016,9,1189.0
IL,2016-10-01,2016,10,1194.0
IL,2016-11-01,2016,11,1033.0
IL,2016-12-01,2016,12,1053.0
IL,2017-01-01,2017,1,1168.0
IL,2017-02-01,2017,2,984.0
IL,2017-03-01,2017,3,954.0
IL,2017-04-01,2017,4,1114.0
IL,2017-05-01,2017,5,1141.0
IL,2017-06-01,2017,6,1140.0
IL,2017-07-01,2017,7,1319.0
IL,2017-08-01,2017,8,1224.0
IL,2017-09-01,2017,9,1114.0
IL,2017-10-01,2017,10,1122.0
IL,2017-11-01,2017,11,984.0
IL,2017-12-01,2017,12,1076.0
IL,2018-01-01,2018,1,991.0
IL,2018-02-01,2018,2,855.0
IL,2018-03-01,2018,3,1059.0
IL,2018-04-01,2018,4,1143.0
IL,2018-05-01,2018,5,1272.0
IL,2018-06-01,2018,6,1211.0
IL,2018-07-01,2018,7,1327.0
IL,2018-08-01,2018,8,1351.0
IL,2018-09-01,2018,9,1245.0
IL,2018-10-01,2018,10,1202.0
IL,2018-11-01,2018,11,1023.0
IL,2018-12-01,2018,12,1059.0
IL,2019-01-01,2019,1,901.0
IL,2019-02-01,2019,2,799.0
IL,2019-03-01,2019,3,913.0
IL,2019-04-01,2019,4,1164.0
IL,2019-05-01,2019,5,1177.0
IL,2019-06-01,2019,6,1127.0
IL,2019-07-01,2019,7,1292.0
IL,2019-08-01,2019,8,1219.0
IL,2019-09-01,2019,9,1119.0
IL,2019-10-01,2019,10,1113.0
IL,2019-11-01,2019,11,991.0
IL,2019-12-01,2019,12,962.0
IL,2020-01-01,2020,1,1001.0
IL,2020-02-01,2020,2,856.0
IL,2020-03-01,2020,3,901.0
IL,2020-04-01,2020,4,938.0
IL,2020-05-01,2020,5,1134.0
IL,2020-06-01,2020,6,1257.0
IL,2020-07-01,2020,7,1328.0
IL,2020-08-01,2020,8,1472.0
IL,2020-09-01,2020,9,1428.0
IL,2020-10-01,2020,10,1507.0
IL,2020-11-01,2020,11,2373.0
IL,2020-12-01,2020,12,2639.0
IL,2021-01-01,2021,1,12243.0
IL,2021-02-01,2021,2,10265.0
IL,2021-03-01,2021,3,12775.0
IL,2021-04-01,2021,4,12399.0
IL,2021-05-01,2021,5,14011.0
IL,2021-06-01,2021,6,15325.0
IL,2021-07-01,2021,7,30589.0
IL,2021-08-01,2021,8,30608.0
IL,2021-09-01,2021,9,31744.0
IL,2021-10-01,2021,10,32885.0
IL,2021-11-01,2021,11,30384.0
IL,2021-12-01,2021,12,30220.0
IL,2022-01-01,2022,1,30286.0
IL,2022-02-01,2022,2,29553.0
IL,2022-03-01,2022,3,35974.0
IL,2022-04-01,2022,4,34824.0
IL,2022-05-01,2022,5,38477.0
IL,2022-06-01,2022,6,39036.0
IL,2022-07-01,2022,7,41295.0
IL,2022-08-01,2022,8,42001.0
IL,2022-09-01,2022,9,40881.0
IL,2022-10-01,2022,10,41586.0
IL,2022-11-01,2022,11,37519.0
IL,2022-12-01,2022,12,38972.0
IL,2023-01-01,2023,1,41561.0
IL,2023-02-01,2023,2,36046.0
IL,2023-03-01,2023,3,40421.0
IL,2023-04-01,2023,4,41189.0
IL,2023-05-01,2023,5,45071.0
IL,2023-06-01,2023,6,45373.0
IL,2023-07-01,2023,7,46664.0
IL,2023-08-01,2023,8,47442.0
IL,2023-09-01,2023,9,44353.0
IL,2023-10-01,2023,10,45564.0
IL,2023-11-01,2023,11,41829.0
IL,2023-12-01,2023,12,41036.0
IL,2024-01-01,2024,1,39802.0
IL,2024-02-01,2024,2,41951.0
IL,2024-03-01,2024,3,44210.0
IL,2024-04-01,2024,4,44424.0
IL,2024-05-01,2024,5,49382.0
IL,2024-06-01,2024,6,48572.0
IL,2024-07-01,2024,7,50171.0
IL,2024-08-01,2024,8,48906.0
IL,2024-09-01,2024,9,47961.0
IL,2024-10-01,2024,10,47170.0
IL,2024-11-01,2024,11,41265.0
IL,2024-12-01,2024,12,40120.0
IN,2015-01-01,2015,1,507.0
IN,2015-02-01,2015,2,461.0
IN,2015-03-01,2015,3,582.0
IN,2015-04-01,2015,4,508.0
IN,2015-05-01,2015,5,473.0
IN,2015-06-01,2015,6,529.0
IN,2015-07-01,2015,7,563.0
IN,2015-08-01,2015,8,611.0
IN,2015-09-01,2015,9,601.0
IN,2015-10-01,2015,10,522.0
IN,2015-11-01,2015,11,442.0
IN,2015-12-01,2015,12,601.0
IN,2016-01-01,2016,1,682.0
IN,2016-02-01,2016,2,654.0
IN,2016-03-01,2016,3,685.0
IN,2016-04-01,2016,4,618.0
IN,2016-05-01,2016,5,653.0
IN,2016-06-01,2016,6,575.0
IN,2016-07-01,2016,7,543.0
IN,2016-08-01,2016,8,654.0
IN,2016-09-01,2016,9,613.0
IN,2016-10-01,2016,10,521.0
IN,2016-11-01,2016,11,616.0
IN,2016-12-01,2016,12,580.0
IN,2017-01-01,2017,1,1039.0
IN,2017-02-01,2017,2,783.0
IN,2017-03-01,2017,3,1059.0
IN,2017-04-01,2017,4,1025.0
IN,2017-05-01,2017,5,1155.0
IN,2017-06-01,2017,6,1229.0
IN,2017-07-01,2017,7,1265.0
IN,2017-08-01,2017,8,1737.0
IN,2017-09-01,2017,9,1610.0
IN,2017-10-01,2017,10,1555.0
IN,2017-11-01,2017,11,1510.0
IN,2017-12-01,2017,12,1365.0
IN,2018-01-01,2018,1,1167.0
IN,2018-02-01,2018,2,1467.0
IN,2018-03-01,2018,3,2164.0
IN,2018-04-01,2018,4,1872.0
IN,2018-05-01,2018,5,2410.0
IN,2018-06-01,2018,6,2297.0
IN,2018-07-01,2018,7,2344.0
IN,2018-08-01,2018,8,3544.0
IN,2018-09-01,2018,9,3362.0
IN,2018-10-01,2018,10,3110.0
IN,2018-11-01,2018,11,2665.0
IN,2018-12-01,2018,12,2941.0
IN,2019-01-01,2019,1,3200.0
IN,2019-02-01,2019,2,3227.0
IN,2019-03-01,2019,3,3879.0
IN,2019-04-01,2019,4,4205.0
IN,2019-05-01,2019,5,4815.0
IN,2019-06-01,2019,6,5246.0
IN,2019-07-01,2019,7,13044.0
IN,2019-08-01,2019,8,13070.0
IN,2019-09-01,2019,9,12452.0
IN,2019-10-01,2019,10,11140.0
IN,2019-11-01,2019,11,10738.0
IN,2019-12-01,2019,12,10926.0
IN,2020-01-01,2020,1,13716.0
IN,2020-02-01,2020,2,12257.0
IN,2020-03-01,2020,3,12162.0
IN,2020-04-01,2020,4,10969.0
IN,2020-05-01,2020,5,14018.0
IN,2020-06-01,2020,6,16019.0
IN,2020-07-01,2020,7,18121.0
IN,2020-08-01,2020,8,18434.0
IN,2020-09-01,2020,9,18949.0
IN,2020-10-01,2020,10,19046.0
IN,2020-11-01,2020,11,17823.0
IN,2020-12-01,2020,12,17825.0
IN,2021-01-01,2021,1,18549.0
IN,2021-02-01,2021,2,15137.0
IN,2021-03-01,2021,3,19118.0
IN,2021-04-01,2021,4,17457.0
IN,2021-05-01,2021,5,19088.0
IN,2021-06-01,2021,6,18872.0
IN,2021-07-01,2021,7,18539.0
IN,2021-08-01,2021,8,19444.0
IN,2021-09-01,2021,9,18617.0
IN,2021-10-01,2021,10,18887.0
IN,2021-11-01,2021,11,17461.0
IN,2021-12-01,2021,12,18308.0
IN,2022-01-01,2022,1,16943.0
IN,2022-02-01,2022,2,15758.0
IN,2022-03-01,2022,3,18446.0
IN,2022-04-01,2022,4,18271.0
IN,2022-05-01,2022,5,19785.0
IN,2022-06-01,2022,6,19230.0
IN,2022-07-01,2022,7,19726.0
IN,2022-08-01,2022,8,20387.0
IN,2022-09-01,2022,9,19436.0
IN,2022-10-01,2022,10,18185.0
IN,2022-11-01,2022,11,17398.0
IN,2022-12-01,2022,12,16982.0
IN,2023-01-01,2023,1,19496.0
IN,2023-02-01,2023,2,16547.0
IN,2023-03-01,2023,3,18247.0
IN,2023-04-01,2023,4,19288.0
IN,2023-05-01,2023,5,20670.0
IN,2023-06-01,2023,6,20126.0
IN,2023-07-01,2023,7,20708.0
IN,2023-08-01,2023,8,20797.0
IN,2023-09-01,2023,9,20490.0
IN,2023-10-01,2023,10,19801.0
IN,2023-11-01,2023,11,18201.0
IN,2023-12-01,2023,12,17605.0
IN,2024-01-01,2024,1,17245.0
IN,2024-02-01,2024,2,17426.0
IN,2024-03-01,2024,3,18236.0
IN,2024-04-01,2024,4,17361.0
IN,2024-05-01,2024,5,19334.0
IN,2024-06-01,2024,6,18921.0
IN,2024-07-01,2024,7,19362.0
IN,2024-08-01,2024,8,19364.0
IN,2024-09-01,2024,9,18627.0
IN,2024-10-01,2024,10,17750.0
IN,2024-11-01,2024,11,16665.0
IN,2024-12-01,2024,12,15856.0
KS,2015-01-01,2015,1,10110.0
KS,2015-02-01,2015,2,8721.0
KS,2015-03-01,2015,3,10371.0
KS,2015-04-01,2015,4,10502.0
KS,2015-05-01,2015,5,11199.0
KS,2015-06-01,2015,6,11363.0
KS,2015-07-01,2015,7,11783.0
KS,2015-08-01,2015,8,11889.0
KS,2015-09-01,2015,9,11192.0
KS,2015-10-01,2015,10,11192.0
KS,2015-11-01,2015,11,10305.0
KS,2015-12-01,2015,12,11100.0
KS,2016-01-01,2016,1,11015.0
KS,2016-02-01,2016,2,9678.0
KS,2016-03-01,2016,3,11646.0
KS,2016-04-01,2016,4,11457.0
KS,2016-05-01,2016,5,11641.0
KS,2016-06-01,2016,6,11514.0
KS,2016-07-01,2016,7,11936.0
KS,2016-08-01,2016,8,12099.0
KS,2016-09-01,2016,9,11215.0
KS,2016-10-01,2016,10,11844.0
KS,2016-11-01,2016,11,10679.0
KS,2016-12-01,2016,12,11040.0
KS,2017-01-01,2017,1,11731.0
KS,2017-02-01,2017,2,10672.0
KS,2017-03-01,2017,3,11609.0
KS,2017-04-01,2017,4,11454.0
KS,2017-05-01,2017,5,12917.0
KS,2017-06-01,2017,6,12334.0
KS,2017-07-01,2017,7,12536.0
KS,2017-08-01,2017,8,12135.0
KS,2017-09-01,2017,9,12161.0
KS,2017-10-01,2017,10,11791.0
KS,2017-11-01,2017,11,11781.0
KS,2017-12-01,2017,12,11433.0
KS,2018-01-01,2018,1,11512.0
KS,2018-02-01,2018,2,9860.0
KS,2018-03-01,2018,3,11620.0
KS,2018-04-01,2018,4,11580.0
KS,2018-05-01,2018,5,12380.0
KS,2018-06-01,2018,6,11414.0
KS,2018-07-01,2018,7,11548.0
KS,2018-08-01,2018,8,11901.0
KS,2018-09-01,2018,9,11616.0
KS,2018-10-01,2018,10,11542.0
KS,2018-11-01,2018,11,10304.0
KS,2018-12-01,2018,12,10689.0
KS,2019-01-01,2019,1,10827.0
KS,2019-02-01,2019,2,9248.0
KS,2019-03-01,2019,3,10339.0
KS,2019-04-01,2019,4,11017.0
KS,2019-05-01,2019,5,11767.0
KS,2019-06-01,2019,6,11529.0
KS,2019-07-01,2019,7,11872.0
KS,2019-08-01,2019,8,11509.0
KS,2019-09-01,2019,9,12074.0
KS,2019-10-01,2019,10,12114.0
KS,2019-11-01,2019,11,11609.0
KS,2019-12-01,2019,12,11673.0
KS,2020-01-01,2020,1,12474.0
KS,2020-02-01,2020,2,11134.0
KS,2020-03-01,2020,3,10970.0
KS,2020-04-01,2020,4,10163.0
KS,2020-05-01,2020,5,12003.0
KS,2020-06-01,2020,6,12190.0
KS,2020-07-01,2020,7,12918.0
KS,2020-08-01,2020,8,13531.0
KS,2020-09-01,2020,9,12693.0
KS,2020-10-01,2020,10,13107.0
KS,2020-11-01,2020,11,11880.0
KS,2020-12-01,2020,12,12208.0
KS,2021-01-01,2021,1,13586.0
KS,2021-02-01,2021,2,11139.0
KS,2021-03-01,2021,3,13125.0
KS,2021-04-01,2021,4,12330.0
KS,2021-05-01,2021,5,13555.0
KS,2021-06-01,2021,6,13012.0
KS,2021-07-01,2021,7,12730.0
KS,2021-08-01,2021,8,13593.0
KS,2021-09-01,2021,9,12938.0
KS,2021-10-01,2021,10,12329.0
KS,2021-11-01,2021,11,11975.0
KS,2021-12-01,2021,12,12248.0
KS,2022-01-01,2022,1,9941.0
KS,2022-02-01,2022,2,10331.0
KS,2022-03-01,2022,3,12930.0
KS,2022-04-01,2022,4,13578.0
KS,2022-05-01,2022,5,13616.0
KS,2022-06-01,2022,6,12328.0
KS,2022-07-01,2022,7,13617.0
KS,2022-08-01,2022,8,13489.0
KS,2022-09-01,2022,9,13214.0
KS,2022-10-01,2022,10,12788.0
KS,2022-11-01,2022,11,11598.0
KS,2022-12-01,2022,12,11617.0
KS,2023-01-01,2023,1,12132.0
KS,2023-02-01,2023,2,11073.0
KS,2023-03-01,2023,3,12543.0
KS,2023-04-01,2023,4,12528.0
KS,2023-05-01,2023,5,13562.0
KS,2023-06-01,2023,6,11953.0
KS,2023-07-01,2023,7,12498.0
KS,2023-08-01,2023,8,13105.0
KS,2023-09-01,2023,9,12380.0
KS,2023-10-01,2023,10,11532.0
KS,2023-11-01,2023,11,10597.0
KS,2023-12-01,2023,12,9889.0
KS,2024-01-01,2024,1,11913.0
KS,2024-02-01,2024,2,12321.0
KS,2024-03-01,2024,3,12661.0
KS,2024-04-01,2024,4,12742.0
KS,2024-05-01,2024,5,10943.0
KS,2024-06-01,2024,6,12370.0
KS,2024-07-01,2024,7,9566.0
KS,2024-08-01,2024,8,9436.0
KS,2024-09-01,2024,9,9270.0
KS,2024-10-01,2024,10,9187.0
KS,2024-11-01,2024,11,8159.0
KS,2024-12-01,2024,12,8066.0
KY,2015-01-01,2015,1,16593.0
KY,2015-02-01,2015,2,12164.0
KY,2015-03-01,2015,3,15573.0
KY,2015-04-01,2015,4,16542.0
KY,2015-05-01,2015,5,17917.0
KY,2015-06-01,2015,6,17430.0
KY,2015-07-01,2015,7,18623.0
KY,2015-08-01,2015,8,18698.0
KY,2015-09-01,2015,9,17457.0
KY,2015-10-01,2015,10,17822.0
KY,2015-11-01,2015,11,16561.0
KY,2015-12-01,2015,12,17833.0
KY,2016-01-01,2016,1,15689.0
KY,2016-02-01,2016,2,14427.0
KY,2016-03-01,2016,3,16899.0
KY,2016-04-01,2016,4,16945.0
KY,2016-05-01,2016,5,17433.0
KY,2016-06-01,2016,6,17197.0
KY,2016-07-01,2016,7,17649.0
KY,2016-08-01,2016,8,17809.0
KY,2016-09-01,2016,9,16833.0
KY,2016-10-01,2016,10,17003.0
KY,2016-11-01,2016,11,15433.0
KY,2016-12-01,2016,12,15727.0
KY,2017-01-01,2017,1,17152.0
KY,2017-02-01,2017,2,14811.0
KY,2017-03-01,2017,3,16055.0
KY,2017-04-01,2017,4,16409.0
KY,2017-05-01,2017,5,17741.0
KY,2017-06-01,2017,6,17188.0
KY,2017-07-01,2017,7,18092.0
KY,2017-08-01,2017,8,18012.0
KY,2017-09-01,2017,9,17256.0
KY,2017-10-01,2017,10,17027.0
KY,2017-11-01,2017,11,16218.0
KY,2017-12-01,2017,12,15360.0
KY,2018-01-01,2018,1,15310.0
KY,2018-02-01,2018,2,14497.0
KY,2018-03-01,2018,3,15439.0
KY,2018-04-01,2018,4,15708.0
KY,2018-05-01,2018,5,16896.0
KY,2018-06-01,2018,6,16423.0
KY,2018-07-01,2018,7,16646.0
KY,2018-08-01,2018,8,17533.0
KY,2018-09-01,2018,9,16471.0
KY,2018-10-01,2018,10,16572.0
KY,2018-11-01,2018,11,14676.0
KY,2018-12-01,2018,12,15329.0
KY,2019-01-01,2019,1,15251.0
KY,2019-02-01,2019,2,13314.0
KY,2019-03-01,2019,3,14968.0
KY,2019-04-01,2019,4,15387.0
KY,2019-05-01,2019,5,16413.0
KY,2019-06-01,2019,6,15615.0
KY,2019-07-01,2019,7,16545.0
KY,2019-08-01,2019,8,16781.0
KY,2019-09-01,2019,9,15890.0
KY,2019-10-01,2019,10,15258.0
KY,2019-11-01,2019,11,14256.0
KY,2019-12-01,2019,12,14092.0
KY,2020-01-01,2020,1,14915.0
KY,2020-02-01,2020,2,13080.0
KY,2020-03-01,2020,3,13171.0
KY,2020-04-01,2020,4,12265.0
KY,2020-05-01,2020,5,14375.0
KY,2020-06-01,2020,6,15106.0
KY,2020-07-01,2020,7,16316.0
KY,2020-08-01,2020,8,16174.0
KY,2020-09-01,2020,9,15162.0
KY,2020-10-01,2020,10,15168.0
KY,2020-11-01,2020,11,13922.0
KY,2020-12-01,2020,12,14023.0
KY,2021-01-01,2021,1,14270.0
KY,2021-02-01,2021,2,12460.0
KY,2021-03-01,2021,3,15508.0
KY,2021-04-01,2021,4,14108.0
KY,2021-05-01,2021,5,14707.0
KY,2021-06-01,2021,6,14591.0
KY,2021-07-01,2021,7,14873.0
KY,2021-08-01,2021,8,14140.0
KY,2021-09-01,2021,9,13962.0
KY,2021-10-01,2021,10,13998.0
KY,2021-11-01,2021,11,12647.0
KY,2021-12-01,2021,12,12569.0
KY,2022-01-01,2022,1,8600.0
KY,2022-02-01,2022,2,7776.0
KY,2022-03-01,2022,3,11064.0
KY,2022-04-01,2022,4,13583.0
KY,2022-05-01,2022,5,14190.0
KY,2022-06-01,2022,6,13537.0
KY,2022-07-01,2022,7,14490.0
KY,2022-08-01,2022,8,14644.0
KY,2022-09-01,2022,9,14093.0
KY,2022-10-01,2022,10,13723.0
KY,2022-11-01,2022,11,12497.0
KY,2022-12-01,2022,12,12554.0
KY,2023-01-01,2023,1,13870.0
KY,2023-02-01,2023,2,12879.0
KY,2023-03-01,2023,3,13423.0
KY,2023-04-01,2023,4,13293.0
KY,2023-05-01,2023,5,14022.0
KY,2023-06-01,2023,6,13396.0
KY,2023-07-01,2023,7,14116.0
KY,2023-08-01,2023,8,14382.0
KY,2023-09-01,2023,9,13339.0
KY,2023-10-01,2023,10,13387.0
KY,2023-11-01,2023,11,12115.0
KY,2023-12-01,2023,12,12048.0
KY,2024-01-01,2024,1,11881.0
KY,2024-02-01,2024,2,11861.0
KY,2024-03-01,2024,3,12571.0
KY,2024-04-01,2024,4,12253.0
KY,2024-05-01,2024,5,13440.0
KY,2024-06-01,2024,6,12343.0
KY,2024-07-01,2024,7,13053.0
KY,2024-08-01,2024,8,12814.0
KY,2024-09-01,2024,9,12308.0
KY,2024-10-01,2024,10,12035.0
KY,2024-11-01,2024,11,11492.0
KY,2024-12-01,2024,12,9989.0
LA,2015-01-01,2015,1,3698.0
LA,2015-02-01,2015,2,3155.0
LA,2015-03-01,2015,3,3741.0
LA,2015-04-01,2015,4,3747.0
LA,2015-05-01,2015,5,4150.0
LA,2015-06-01,2015,6,3945.0
LA,2015-07-01,2015,7,4098.0
LA,2015-08-01,2015,8,4169.0
LA,2015-09-01,2015,9,4042.0
LA,2015-10-01,2015,10,3874.0
LA,2015-11-01,2015,11,3642.0
LA,2015-12-01,2015,12,3869.0
LA,2016-01-01,2016,1,3947.0
LA,2016-02-01,2016,2,3615.0
LA,2016-03-01,2016,3,3815.0
LA,2016-04-01,2016,4,3941.0
LA,2016-05-01,2016,5,4033.0
LA,2016-06-01,2016,6,3728.0
LA,2016-07-01,2016,7,3549.0
LA,2016-08-01,2016,8,3567.0
LA,2016-09-01,2016,9,3569.0
LA,2016-10-01,2016,10,3652.0
LA,2016-11-01,2016,11,3286.0
LA,2016-12-01,2016,12,3644.0
LA,2017-01-01,2017,1,4279.0
LA,2017-02-01,2017,2,3952.0
LA,2017-03-01,2017,3,4131.0
LA,2017-04-01,2017,4,4100.0
LA,2017-05-01,2017,5,4100.0
LA,2017-06-01,2017,6,4142.0
LA,2017-07-01,2017,7,4222.0
LA,2017-08-01,2017,8,4190.0
LA,2017-09-01,2017,9,4050.0
LA,2017-10-01,2017,10,3828.0
LA,2017-11-01,2017,11,3625.0
LA,2017-12-01,2017,12,3805.0
LA,2018-01-01,2018,1,3692.0
LA,2018-02-01,2018,2,4105.0
LA,2018-03-01,2018,3,4490.0
LA,2018-04-01,2018,4,4296.0
LA,2018-05-01,2018,5,4600.0
LA,2018-06-01,2018,6,4562.0
LA,2018-07-01,2018,7,4519.0
LA,2018-08-01,2018,8,4543.0
LA,2018-09-01,2018,9,4097.0
LA,2018-10-01,2018,10,4071.0
LA,2018-11-01,2018,11,3588.0
LA,2018-12-01,2018,12,3787.0
LA,2019-01-01,2019,1,4658.0
LA,2019-02-01,2019,2,4164.0
LA,2019-03-01,2019,3,4362.0
LA,2019-04-01,2019,4,4455.0
LA,2019-05-01,2019,5,4887.0
LA,2019-06-01,2019,6,4562.0
LA,2019-07-01,2019,7,4548.0
LA,2019-08-01,2019,8,4557.0
LA,2019-09-01,2019,9,4216.0
LA,2019-10-01,2019,10,4233.0
LA,2019-11-01,2019,11,3898.0
LA,2019-12-01,2019,12,4047.0
LA,2020-01-01,2020,1,4957.0
LA,2020-02-01,2020,2,4616.0
LA,2020-03-01,2020,3,4370.0
LA,2020-04-01,2020,4,4016.0
LA,2020-05-01,2020,5,4793.0
LA,2020-06-01,2020,6,4933.0
LA,2020-07-01,2020,7,6323.0
LA,2020-08-01,2020,8,6896.0
LA,2020-09-01,2020,9,7113.0
LA,2020-10-01,2020,10,8344.0
LA,2020-11-01,2020,11,8048.0
LA,2020-12-01,2020,12,9015.0
LA,2021-01-01,2021,1,14856.0
LA,2021-02-01,2021,2,13086.0
LA,2021-03-01,2021,3,14989.0
LA,2021-04-01,2021,4,14625.0
LA,2021-05-01,2021,5,15963.0
LA,2021-06-01,2021,6,15604.0
LA,2021-07-01,2021,7,15922.0
LA,2021-08-01,2021,8,15116.0
LA,2021-09-01,2021,9,15426.0
LA,2021-10-01,2021,10,16014.0
LA,2021-11-01,2021,11,14930.0
LA,2021-12-01,2021,12,15851.0
LA,2022-01-01,2022,1,15413.0
LA,2022-02-01,2022,2,14651.0
LA,2022-03-01,2022,3,16484.0
LA,2022-04-01,2022,4,16711.0
LA,2022-05-01,2022,5,17597.0
LA,2022-06-01,2022,6,16460.0
LA,2022-07-01,2022,7,16749.0
LA,2022-08-01,2022,8,16706.0
LA,2022-09-01,2022,9,16058.0
LA,2022-10-01,2022,10,15791.0
LA,2022-11-01,2022,11,14189.0
LA,2022-12-01,2022,12,14761.0
LA,2023-01-01,2023,1,15788.0
LA,2023-02-01,2023,2,13708.0
LA,2023-03-01,2023,3,15362.0
LA,2023-04-01,2023,4,14957.0
LA,2023-05-01,2023,5,16192.0
LA,2023-06-01,2023,6,15097.0
LA,2023-07-01,2023,7,15173.0
LA,2023-08-01,2023,8,15357.0
LA,2023-09-01,2023,9,14837.0
LA,2023-10-01,2023,10,15138.0
LA,2023-11-01,2023,11,13662.0
LA,2023-12-01,2023,12,13916.0
LA,2024-01-01,2024,1,16051.0
LA,2024-02-01,2024,2,16076.0
LA,2024-03-01,2024,3,16345.0
LA,2024-04-01,2024,4,16364.0
LA,2024-05-01,2024,5,15594.0
LA,2024-06-01,2024,6,14584.0
LA,2024-07-01,2024,7,14616.0
LA,2024-08-01,2024,8,14697.0
LA,2024-09-01,2024,9,13730.0
LA,2024-10-01,2024,10,14395.0
LA,2024-11-01,2024,11,13267.0
LA,2024-12-01,2024,12,12805.0
MA,2015-01-01,2015,1,14611.0
MA,2015-02-01,2015,2,11142.0
MA,2015-03-01,2015,3,15773.0
MA,2015-04-01,2015,4,17684.0
MA,2015-05-01,2015,5,18598.0
MA,2015-06-01,2015,6,17939.0
MA,2015-07-01,2015,7,19765.0
MA,2015-08-01,2015,8,19216.0
MA,2015-09-01,2015,9,17907.0
MA,2015-10-01,2015,10,17519.0
MA,2015-11-01,2015,11,16919.0
MA,2015-12-01,2015,12,16985.0
MA,2016-01-01,2016,1,15621.0
MA,2016-02-01,2016,2,14081.0
MA,2016-03-01,2016,3,16216.0
MA,2016-04-01,2016,4,15996.0
MA,2016-05-01,2016,5,16698.0
MA,2016-06-01,2016,6,17333.0
MA,2016-07-01,2016,7,17857.0
MA,2016-08-01,2016,8,18210.0
MA,2016-09-01,2016,9,16570.0
MA,2016-10-01,2016,10,16226.0
MA,2016-11-01,2016,11,15185.0
MA,2016-12-01,2016,12,14932.0
MA,2017-01-01,2017,1,14937.0
MA,2017-02-01,2017,2,12491.0
MA,2017-03-01,2017,3,14248.0
MA,2017-04-01,2017,4,15073.0
MA,2017-05-01,2017,5,15968.0
MA,2017-06-01,2017,6,16251.0
MA,2017-07-01,2017,7,17535.0
MA,2017-08-01,2017,8,17402.0
MA,2017-09-01,2017,9,16362.0
MA,2017-10-01,2017,10,16450.0
MA,2017-11-01,2017,11,14936.0
MA,2017-12-01,2017,12,14209.0
MA,2018-01-01,2018,1,13121.0
MA,2018-02-01,2018,2,12401.0
MA,2018-03-01,2018,3,13385.0
MA,2018-04-01,2018,4,13166.0
MA,2018-05-01,2018,5,15302.0
MA,2018-06-01,2018,6,15203.0
MA,2018-07-01,2018,7,16027.0
MA,2018-08-01,2018,8,15708.0
MA,2018-09-01,2018,9,14891.0
MA,2018-10-01,2018,10,14591.0
MA,2018-11-01,2018,11,13446.0
MA,2018-12-01,2018,12,13503.0
MA,2019-01-01,2019,1,12715.0
MA,2019-02-01,2019,2,11303.0
MA,2019-03-01,2019,3,12659.0
MA,2019-04-01,2019,4,13173.0
MA,2019-05-01,2019,5,14450.0
MA,2019-06-01,2019,6,14434.0
MA,2019-07-01,2019,7,15472.0
MA,2019-08-01,2019,8,15107.0
MA,2019-09-01,2019,9,14465.0
MA,2019-10-01,2019,10,17738.0
MA,2019-11-01,2019,11,15795.0
MA,2019-12-01,2019,12,15222.0
MA,2020-01-01,2020,1,16706.0
MA,2020-02-01,2020,2,15148.0
MA,2020-03-01,2020,3,14522.0
MA,2020-04-01,2020,4,12626.0
MA,2020-05-01,2020,5,15611.0
MA,2020-06-01,2020,6,19448.0
MA,2020-07-01,2020,7,18201.0
MA,2020-08-01,2020,8,19334.0
MA,2020-09-01,2020,9,19228.0
MA,2020-10-01,2020,10,25814.0
MA,2020-11-01,2020,11,26374.0
MA,2020-12-01,2020,12,17022.0
MA,2021-01-01,2021,1,14732.0
MA,2021-02-01,2021,2,13295.0
MA,2021-03-01,2021,3,15272.0
MA,2021-04-01,2021,4,14577.0
MA,2021-05-01,2021,5,15666.0
MA,2021-06-01,2021,6,16708.0
MA,2021-07-01,2021,7,16922.0
MA,2021-08-01,2021,8,17353.0
MA,2021-09-01,2021,9,17436.0
MA,2021-10-01,2021,10,17848.0
MA,2021-11-01,2021,11,16319.0
MA,2021-12-01,2021,12,15897.0
MA,2022-01-01,2022,1,14304.0
MA,2022-02-01,2022,2,13882.0
MA,2022-03-01,2022,3,16376.0
MA,2022-04-01,2022,4,16297.0
MA,2022-05-01,2022,5,17408.0
MA,2022-06-01,2022,6,16990.0
MA,2022-07-01,2022,7,18302.0
MA,2022-08-01,2022,8,17903.0
MA,2022-09-01,2022,9,17403.0
MA,2022-10-01,2022,10,17268.0
MA,2022-11-01,2022,11,16255.0
MA,2022-12-01,2022,12,15611.0
MA,2023-01-01,2023,1,16133.0
MA,2023-02-01,2023,2,14576.0
MA,2023-03-01,2023,3,16870.0
MA,2023-04-01,2023,4,17443.0
MA,2023-05-01,2023,5,19981.0
MA,2023-06-01,2023,6,17724.0
MA,2023-07-01,2023,7,17813.0
MA,2023-08-01,2023,8,18128.0
MA,2023-09-01,2023,9,16907.0
MA,2023-10-01,2023,10,17186.0
MA,2023-11-01,2023,11,15297.0
MA,2023-12-01,2023,12,14832.0
MA,2024-01-01,2024,1,14930.0
MA,2024-02-01,2024,2,14833.0
MA,2024-03-01,2024,3,15965.0
MA,2024-04-01,2024,4,16053.0
MA,2024-05-01,2024,5,17641.0
MA,2024-06-01,2024,6,16923.0
MA,2024-07-01,2024,7,17994.0
MA,2024-08-01,2024,8,17749.0
MA,2024-09-01,2024,9,17788.0
MA,2024-10-01,2024,10,17743.0
MA,2024-11-01,2024,11,15684.0
MA,2024-12-01,2024,12,14761.0
MD,2016-01-01,2016,1,19.0
MD,2016-02-01,2016,2,17.0
MD,2016-03-01,2016,3,15.0
MD,2016-04-01,2016,4,17.0
MD,2016-05-01,2016,5,19.0
MD,2016-06-01,2016,6,38.0
MD,2016-07-01,2016,7,33.0
MD,2016-08-01,2016,8,54.0
MD,2016-09-01,2016,9,50.0
MD,2016-10-01,2016,10,57.0
MD,2016-11-01,2016,11,91.0
MD,2016-12-01,2016,12,328.0
MD,2017-01-01,2017,1,2290.0
MD,2017-02-01,2017,2,2329.0
MD,2017-03-01,2017,3,2310.0
MD,2017-04-01,2017,4,2225.0
MD,2017-05-01,2017,5,2468.0
MD,2017-06-01,2017,6,2351.0
MD,2017-07-01,2017,7,2344.0
MD,2017-08-01,2017,8,2558.0
MD,2017-09-01,2017,9,2485.0
MD,2017-10-01,2017,10,2605.0
MD,2017-11-01,2017,11,2414.0
MD,2017-12-01,2017,12,2477.0
MD,2018-01-01,2018,1,2491.0
MD,2018-02-01,2018,2,2260.0
MD,2018-03-01,2018,3,2355.0
MD,2018-04-01,2018,4,2142.0
MD,2018-05-01,2018,5,2537.0
MD,2018-06-01,2018,6,2559.0
MD,2018-07-01,2018,7,2591.0
MD,2018-08-01,2018,8,2574.0
MD,2018-09-01,2018,9,2452.0
MD,2018-10-01,2018,10,2509.0
MD,2018-11-01,2018,11,2354.0
MD,2018-12-01,2018,12,1923.0
MD,2019-01-01,2019,1,2276.0
MD,2019-02-01,2019,2,2070.0
MD,2019-03-01,2019,3,2447.0
MD,2019-04-01,2019,4,2427.0
MD,2019-05-01,2019,5,4355.0
MD,2019-06-01,2019,6,4096.0
MD,2019-07-01,2019,7,4365.0
MD,2019-08-01,2019,8,4163.0
MD,2019-09-01,2019,9,4085.0
MD,2019-10-01,2019,10,4418.0
MD,2019-11-01,2019,11,4258.0
MD,2019-12-01,2019,12,4215.0
MD,2020-01-01,2020,1,4454.0
MD,2020-02-01,2020,2,4067.0
MD,2020-03-01,2020,3,3959.0
MD,2020-04-01,2020,4,3156.0
MD,2020-05-01,2020,5,3825.0
MD,2020-06-01,2020,6,3840.0
MD,2020-07-01,2020,7,3988.0
MD,2020-08-01,2020,8,4017.0
MD,2020-09-01,2020,9,3965.0
MD,2020-10-01,2020,10,4241.0
MD,2020-11-01,2020,11,4187.0
MD,2020-12-01,2020,12,4178.0
MD,2021-01-01,2021,1,8974.0
MD,2021-02-01,2021,2,7966.0
MD,2021-03-01,2021,3,9501.0
MD,2021-04-01,2021,4,8872.0
MD,2021-05-01,2021,5,9736.0
MD,2021-06-01,2021,6,9892.0
MD,2021-07-01,2021,7,13548.0
MD,2021-08-01,2021,8,13722.0
MD,2021-09-01,2021,9,13832.0
MD,2021-10-01,2021,10,14305.0
MD,2021-11-01,2021,11,12944.0
MD,2021-12-01,2021,12,12869.0
MD,2022-01-01,2022,1,19643.0
MD,2022-02-01,2022,2,18343.0
MD,2022-03-01,2022,3,19600.0
MD,2022-04-01,2022,4,18951.0
MD,2022-05-01,2022,5,20044.0
MD,2022-06-01,2022,6,20037.0
MD,2022-07-01,2022,7,20126.0
MD,2022-08-01,2022,8,20358.0
MD,2022-09-01,2022,9,20112.0
MD,2022-10-01,2022,10,20968.0
MD,2022-11-01,2022,11,19327.0
MD,2022-12-01,2022,12,19845.0
MD,2023-01-01,2023,1,21362.0
MD,2023-02-01,2023,2,20484.0
MD,2023-03-01,2023,3,21891.0
MD,2023-04-01,2023,4,21643.0
MD,2023-05-01,2023,5,23855.0
MD,2023-06-01,2023,6,21603.0
MD,2023-07-01,2023,7,21057.0
MD,2023-08-01,2023,8,22166.0
MD,2023-09-01,2023,9,21884.0
MD,2023-10-01,2023,10,22556.0
MD,2023-11-01,2023,11,19066.0
MD,2023-12-01,2023,12,19403.0
MD,2024-01-01,2024,1,21241.0
MD,2024-02-01,2024,2,20335.0
MD,2024-03-01,2024,3,21233.0
MD,2024-04-01,2024,4,21683.0
MD,2024-05-01,2024,5,23219.0
MD,2024-06-01,2024,6,22918.0
MD,2024-07-01,2024,7,23082.0
MD,2024-08-01,2024,8,22840.0
MD,2024-09-01,2024,9,23219.0
MD,2024-10-01,2024,10,23468.0
MD,2024-11-01,2024,11,21242.0
MD,2024-12-01,2024,12,20423.0
ME,2015-01-01,2015,1,1057.0
ME,2015-02-01,2015,2,896.0
ME,2015-03-01,2015,3,1189.0
ME,2015-04-01,2015,4,1292.0
ME,2015-05-01,2015,5,1394.0
ME,2015-06-01,2015,6,1429.0
ME,2015-07-01,2015,7,1595.0
ME,2015-08-01,2015,8,1555.0
ME,2015-09-01,2015,9,1311.0
ME,2015-10-01,2015,10,1218.0
ME,2015-11-01,2015,11,1109.0
ME,2015-12-01,2015,12,1355.0
ME,2016-01-01,2016,1,1146.0
ME,2016-02-01,2016,2,1159.0
ME,2016-03-01,2016,3,1269.0
ME,2016-04-01,2016,4,1335.0
ME,2016-05-01,2016,5,1543.0
ME,2016-06-01,2016,6,1453.0
ME,2016-07-01,2016,7,1665.0
ME,2016-08-01,2016,8,1593.0
ME,2016-09-01,2016,9,1413.0
ME,2016-10-01,2016,10,1381.0
ME,2016-11-01,2016,11,1347.0
ME,2016-12-01,2016,12,1112.0
ME,2017-01-01,2017,1,1178.0
ME,2017-02-01,2017,2,909.0
ME,2017-03-01,2017,3,1117.0
ME,2017-04-01,2017,4,1237.0
ME,2017-05-01,2017,5,1359.0
ME,2017-06-01,2017,6,1387.0
ME,2017-07-01,2017,7,1552.0
ME,2017-08-01,2017,8,1403.0
ME,2017-09-01,2017,9,1308.0
ME,2017-10-01,2017,10,1396.0
ME,2017-11-01,2017,11,1178.0
ME,2017-12-01,2017,12,1068.0
ME,2018-01-01,2018,1,1096.0
ME,2018-02-01,2018,2,1046.0
ME,2018-03-01,2018,3,1197.0
ME,2018-04-01,2018,4,1314.0
ME,2018-05-01,2018,5,1402.0
ME,2018-06-01,2018,6,1392.0
ME,2018-07-01,2018,7,1656.0
ME,2018-08-01,2018,8,1529.0
ME,2018-09-01,2018,9,1478.0
ME,2018-10-01,2018,10,1296.0
ME,2018-11-01,2018,11,1111.0
ME,2018-12-01,2018,12,1217.0
ME,2019-01-01,2019,1,1456.0
ME,2019-02-01,2019,2,1310.0
ME,2019-03-01,2019,3,1454.0
ME,2019-04-01,2019,4,1583.0
ME,2019-05-01,2019,5,1870.0
ME,2019-06-01,2019,6,1827.0
ME,2019-07-01,2019,7,2154.0
ME,2019-08-01,2019,8,2056.0
ME,2019-09-01,2019,9,1901.0
ME,2019-10-01,2019,10,1779.0
ME,2019-11-01,2019,11,1563.0
ME,2019-12-01,2019,12,1591.0
ME,2020-01-01,2020,1,1938.0
ME,2020-02-01,2020,2,1754.0
ME,2020-03-01,2020,3,1749.0
ME,2020-04-01,2020,4,1564.0
ME,2020-05-01,2020,5,2352.0
ME,2020-06-01,2020,6,2561.0
ME,2020-07-01,2020,7,2589.0
ME,2020-08-01,2020,8,2493.0
ME,2020-09-01,2020,9,2350.0
ME,2020-10-01,2020,10,2261.0
ME,2020-11-01,2020,11,1951.0
ME,2020-12-01,2020,12,2032.0
ME,2021-01-01,2021,1,2889.0
ME,2021-02-01,2021,2,2535.0
ME,2021-03-01,2021,3,3094.0
ME,2021-04-01,2021,4,3248.0
ME,2021-05-01,2021,5,3376.0
ME,2021-06-01,2021,6,3693.0
ME,2021-07-01,2021,7,3802.0
ME,2021-08-01,2021,8,3970.0
ME,2021-09-01,2021,9,3742.0
ME,2021-10-01,2021,10,3560.0
ME,2021-11-01,2021,11,3360.0
ME,2021-12-01,2021,12,3057.0
ME,2022-01-01,2022,1,2760.0
ME,2022-02-01,2022,2,2656.0
ME,2022-03-01,2022,3,3328.0
ME,2022-04-01,2022,4,3288.0
ME,2022-05-01,2022,5,3531.0
ME,2022-06-01,2022,6,3700.0
ME,2022-07-01,2022,7,3792.0
ME,2022-08-01,2022,8,3720.0
ME,2022-09-01,2022,9,3514.0
ME,2022-10-01,2022,10,3540.0
ME,2022-11-01,2022,11,3098.0
ME,2022-12-01,2022,12,3030.0
ME,2023-01-01,2023,1,2977.0
ME,2023-02-01,2023,2,2570.0
ME,2023-03-01,2023,3,3096.0
ME,2023-04-01,2023,4,3236.0
ME,2023-05-01,2023,5,3585.0
ME,2023-06-01,2023,6,3544.0
ME,2023-07-01,2023,7,3639.0
ME,2023-08-01,2023,8,3645.0
ME,2023-09-01,2023,9,3446.0
ME,2023-10-01,2023,10,3317.0
ME,2023-11-01,2023,11,2965.0
ME,2023-12-01,2023,12,2826.0
ME,2024-01-01,2024,1,2821.0
ME,2024-02-01,2024,2,2809.0
ME,2024-03-01,2024,3,2956.0
ME,2024-04-01,2024,4,3209.0
ME,2024-05-01,2024,5,3429.0
ME,2024-06-01,2024,6,3293.0
ME,2024-07-01,2024,7,3641.0
ME,2024-08-01,2024,8,3596.0
ME,2024-09-01,2024,9,3511.0
ME,2024-10-01,2024,10,3435.0
ME,2024-11-01,2024,11,2928.0
ME,2024-12-01,2024,12,2644.0
MI,2015-01-01,2015,1,37238.0
MI,2015-02-01,2015,2,29815.0
MI,2015-03-01,2015,3,39075.0
MI,2015-04-01,2015,4,41343.0
MI,2015-05-01,2015,5,43082.0
MI,2015-06-01,2015,6,43539.0
MI,2015-07-01,2015,7,46336.0
MI,2015-08-01,2015,8,46591.0
MI,2015-09-01,2015,9,43865.0
MI,2015-10-01,2015,10,43046.0
MI,2015-11-01,2015,11,38888.0
MI,2015-12-01,2015,12,41027.0
MI,2016-01-01,2016,1,38677.0
MI,2016-02-01,2016,2,34947.0
MI,2016-03-01,2016,3,41541.0
MI,2016-04-01,2016,4,42282.0
MI,2016-05-01,2016,5,44924.0
MI,2016-06-01,2016,6,44423.0
MI,2016-07-01,2016,7,46814.0
MI,2016-08-01,2016,8,48055.0
MI,2016-09-01,2016,9,43897.0
MI,2016-10-01,2016,10,44095.0
MI,2016-11-01,2016,11,40607.0
MI,2016-12-01,2016,12,35640.0
MI,2017-01-01,2017,1,37863.0
MI,2017-02-01,2017,2,34067.0
MI,2017-03-01,2017,3,37963.0
MI,2017-04-01,2017,4,39461.0
MI,2017-05-01,2017,5,42071.0
MI,2017-06-01,2017,6,42434.0
MI,2017-07-01,2017,7,44960.0
MI,2017-08-01,2017,8,44036.0
MI,2017-09-01,2017,9,41076.0
MI,2017-10-01,2017,10,41135.0
MI,2017-11-01,2017,11,37688.0
MI,2017-12-01,2017,12,34889.0
MI,2018-01-01,2018,1,37750.0
MI,2018-02-01,2018,2,32406.0
MI,2018-03-01,2018,3,36756.0
MI,2018-04-01,2018,4,36760.0
MI,2018-05-01,2018,5,41628.0
MI,2018-06-01,2018,6,40941.0
MI,2018-07-01,2018,7,42857.0
MI,2018-08-01,2018,8,42734.0
MI,2018-09-01,2018,9,40411.0
MI,2018-10-01,2018,10,39413.0
MI,2018-11-01,2018,11,33883.0
MI,2018-12-01,2018,12,34052.0
MI,2019-01-01,2019,1,31404.0
MI,2019-02-01,2019,2,28062.0
MI,2019-03-01,2019,3,32357.0
MI,2019-04-01,2019,4,34533.0
MI,2019-05-01,2019,5,38006.0
MI,2019-06-01,2019,6,37540.0
MI,2019-07-01,2019,7,40112.0
MI,2019-08-01,2019,8,38540.0
MI,2019-09-01,2019,9,37870.0
MI,2019-10-01,2019,10,37462.0
MI,2019-11-01,2019,11,32588.0
MI,2019-12-01,2019,12,33676.0
MI,2020-01-01,2020,1,33896.0
MI,2020-02-01,2020,2,30093.0
MI,2020-03-01,2020,3,30767.0
MI,2020-04-01,2020,4,27049.0
MI,2020-05-01,2020,5,31942.0
MI,2020-06-01,2020,6,35155.0
MI,2020-07-01,2020,7,37002.0
MI,2020-08-01,2020,8,38714.0
MI,2020-09-01,2020,9,36151.0
MI,2020-10-01,2020,10,35907.0
MI,2020-11-01,2020,11,32119.0
MI,2020-12-01,2020,12,31798.0
MI,2021-01-01,2021,1,31596.0
MI,2021-02-01,2021,2,26041.0
MI,2021-03-01,2021,3,31659.0
MI,2021-04-01,2021,4,31238.0
MI,2021-05-01,2021,5,35148.0
MI,2021-06-01,2021,6,35743.0
MI,2021-07-01,2021,7,36693.0
MI,2021-08-01,2021,8,36887.0
MI,2021-09-01,2021,9,35777.0
MI,2021-10-01,2021,10,35573.0
MI,2021-11-01,2021,11,31781.0
MI,2021-12-01,2021,12,32877.0
MI,2022-01-01,2022,1,30643.0
MI,2022-02-01,2022,2,27857.0
MI,2022-03-01,2022,3,33304.0
MI,2022-04-01,2022,4,32729.0
MI,2022-05-01,2022,5,36775.0
MI,2022-06-01,2022,6,37139.0
MI,2022-07-01,2022,7,39445.0
MI,2022-08-01,2022,8,38338.0
MI,2022-09-01,2022,9,36702.0
MI,2022-10-01,2022,10,37261.0
MI,2022-11-01,2022,11,34060.0
MI,2022-12-01,2022,12,32962.0
MI,2023-01-01,2023,1,34025.0
MI,2023-02-01,2023,2,30240.0
MI,2023-03-01,2023,3,32820.0
MI,2023-04-01,2023,4,34594.0
MI,2023-05-01,2023,5,37820.0
MI,2023-06-01,2023,6,37417.0
MI,2023-07-01,2023,7,39297.0
MI,2023-08-01,2023,8,37967.0
MI,2023-09-01,2023,9,35788.0
MI,2023-10-01,2023,10,35837.0
MI,2023-11-01,2023,11,32129.0
MI,2023-12-01,2023,12,32099.0
MI,2024-01-01,2024,1,30377.0
MI,2024-02-01,2024,2,30571.0
MI,2024-03-01,2024,3,32105.0
MI,2024-04-01,2024,4,32577.0
MI,2024-05-01,2024,5,35727.0
MI,2024-06-01,2024,6,34512.0
MI,2024-07-01,2024,7,35744.0
MI,2024-08-01,2024,8,35471.0
MI,2024-09-01,2024,9,34903.0
MI,2024-10-01,2024,10,34013.0
MI,2024-11-01,2024,11,29714.0
MI,2024-12-01,2024,12,27651.0
MN,2016-06-01,2016,6,162.0
MN,2016-07-01,2016,7,140.0
MN,2016-08-01,2016,8,160.0
MN,2016-09-01,2016,9,134.0
MN,2016-10-01,2016,10,166.0
MN,2016-11-01,2016,11,145.0
MN,2016-12-01,2016,12,128.0
MN,2017-01-01,2017,1,193.0
MN,2017-02-01,2017,2,260.0
MN,2017-03-01,2017,3,323.0
MN,2017-04-01,2017,4,372.0
MN,2017-05-01,2017,5,399.0
MN,2017-06-01,2017,6,398.0
MN,2017-07-01,2017,7,375.0
MN,2017-08-01,2017,8,543.0
MN,2017-09-01,2017,9,455.0
MN,2017-10-01,2017,10,634.0
MN,2017-11-01,2017,11,830.0
MN,2017-12-01,2017,12,750.0
MN,2018-01-01,2018,1,793.0
MN,2018-02-01,2018,2,635.0
MN,2018-03-01,2018,3,721.0
MN,2018-04-01,2018,4,1196.0
MN,2018-05-01,2018,5,1397.0
MN,2018-06-01,2018,6,1764.0
MN,2018-07-01,2018,7,2459.0
MN,2018-08-01,2018,8,2599.0
MN,2018-09-01,2018,9,2472.0
MN,2018-10-01,2018,10,2521.0
MN,2018-11-01,2018,11,2197.0
MN,2018-12-01,2018,12,2445.0
MN,2019-01-01,2019,1,4709.0
MN,2019-02-01,2019,2,4363.0
MN,2019-03-01,2019,3,5199.0
MN,2019-04-01,2019,4,5919.0
MN,2019-05-01,2019,5,7043.0
MN,2019-06-01,2019,6,7341.0
MN,2019-07-01,2019,7,7848.0
MN,2019-08-01,2019,8,9121.0
MN,2019-09-01,2019,9,8689.0
MN,2019-10-01,2019,10,8210.0
MN,2019-11-01,2019,11,7574.0
MN,2019-12-01,2019,12,7138.0
MN,2020-01-01,2020,1,8097.0
MN,2020-02-01,2020,2,7150.0
MN,2020-03-01,2020,3,7833.0
MN,2020-04-01,2020,4,7615.0
MN,2020-05-01,2020,5,9886.0
MN,2020-06-01,2020,6,11646.0
MN,2020-07-01,2020,7,13561.0
MN,2020-08-01,2020,8,15198.0
MN,2020-09-01,2020,9,19792.0
MN,2020-10-01,2020,10,21177.0
MN,2020-11-01,2020,11,20138.0
MN,2020-12-01,2020,12,20459.0
MN,2021-01-01,2021,1,20474.0
MN,2021-02-01,2021,2,17891.0
MN,2021-03-01,2021,3,19680.0
MN,2021-04-01,2021,4,19420.0
MN,2021-05-01,2021,5,20626.0
MN,2021-06-01,2021,6,21175.0
MN,2021-07-01,2021,7,22162.0
MN,2021-08-01,2021,8,21559.0
MN,2021-09-01,2021,9,21065.0
MN,2021-10-01,2021,10,21728.0
MN,2021-11-01,2021,11,19799.0
MN,2021-12-01,2021,12,18679.0
MN,2022-01-01,2022,1,18521.0
MN,2022-02-01,2022,2,16996.0
MN,2022-03-01,2022,3,19728.0
MN,2022-04-01,2022,4,19191.0
MN,2022-05-01,2022,5,20757.0
MN,2022-06-01,2022,6,21049.0
MN,2022-07-01,2022,7,21799.0
MN,2022-08-01,2022,8,21032.0
MN,2022-09-01,2022,9,19596.0
MN,2022-10-01,2022,10,19672.0
MN,2022-11-01,2022,11,17443.0
MN,2022-12-01,2022,12,15994.0
MN,2023-01-01,2023,1,16523.0
MN,2023-02-01,2023,2,15124.0
MN,2023-03-01,2023,3,16866.0
MN,2023-04-01,2023,4,17378.0
MN,2023-05-01,2023,5,19272.0
MN,2023-06-01,2023,6,18472.0
MN,2023-07-01,2023,7,19088.0
MN,2023-08-01,2023,8,18682.0
MN,2023-09-01,2023,9,16917.0
MN,2023-10-01,2023,10,17245.0
MN,2023-11-01,2023,11,16007.0
MN,2023-12-01,2023,12,15880.0
MN,2024-01-01,2024,1,15527.0
MN,2024-02-01,2024,2,14564.0
MN,2024-03-01,2024,3,15214.0
MN,2024-04-01,2024,4,15802.0
MN,2024-05-01,2024,5,17490.0
MN,2024-06-01,2024,6,17006.0
MN,2024-07-01,2024,7,18247.0
MN,2024-08-01,2024,8,17738.0
MN,2024-09-01,2024,9,17449.0
MN,2024-10-01,2024,10,17558.0
MN,2024-11-01,2024,11,15483.0
MN,2024-12-01,2024,12,14403.0
MO,2015-01-01,2015,1,5299.0
MO,2015-02-01,2015,2,4198.0
MO,2015-03-01,2015,3,5010.0
MO,2015-04-01,2015,4,5138.0
MO,2015-05-01,2015,5,5308.0
MO,2015-06-01,2015,6,5360.0
MO,2015-07-01,2015,7,5668.0
MO,2015-08-01,2015,8,5706.0
MO,2015-09-01,2015,9,5469.0
MO,2015-10-01,2015,10,5515.0
MO,2015-11-01,2015,11,5309.0
MO,2015-12-01,2015,12,5447.0
MO,2016-01-01,2016,1,5030.0
MO,2016-02-01,2016,2,4489.0
MO,2016-03-01,2016,3,5015.0
MO,2016-04-01,2016,4,5051.0
MO,2016-05-01,2016,5,5357.0
MO,2016-06-01,2016,6,5455.0
MO,2016-07-01,2016,7,6092.0
MO,2016-08-01,2016,8,6200.0
MO,2016-09-01,2016,9,5278.0
MO,2016-10-01,2016,10,5417.0
MO,2016-11-01,2016,11,5365.0
MO,2016-12-01,2016,12,5351.0
MO,2017-01-01,2017,1,5444.0
MO,2017-02-01,2017,2,4929.0
MO,2017-03-01,2017,3,5595.0
MO,2017-04-01,2017,4,5446.0
MO,2017-05-01,2017,5,6185.0
MO,2017-06-01,2017,6,6017.0
MO,2017-07-01,2017,7,6565.0
MO,2017-08-01,2017,8,6418.0
MO,2017-09-01,2017,9,6299.0
MO,2017-10-01,2017,10,6136.0
MO,2017-11-01,2017,11,5824.0
MO,2017-12-01,2017,12,5533.0
MO,2018-01-01,2018,1,5547.0
MO,2018-02-01,2018,2,5402.0
MO,2018-03-01,2018,3,6644.0
MO,2018-04-01,2018,4,6834.0
MO,2018-05-01,2018,5,7319.0
MO,2018-06-01,2018,6,7101.0
MO,2018-07-01,2018,7,8367.0
MO,2018-08-01,2018,8,8597.0
MO,2018-09-01,2018,9,8238.0
MO,2018-10-01,2018,10,8159.0
MO,2018-11-01,2018,11,6711.0
MO,2018-12-01,2018,12,7851.0
MO,2019-01-01,2019,1,7379.0
MO,2019-02-01,2019,2,7174.0
MO,2019-03-01,2019,3,8445.0
MO,2019-04-01,2019,4,8943.0
MO,2019-05-01,2019,5,9315.0
MO,2019-06-01,2019,6,9237.0
MO,2019-07-01,2019,7,10204.0
MO,2019-08-01,2019,8,10624.0
MO,2019-09-01,2019,9,10036.0
MO,2019-10-01,2019,10,10266.0
MO,2019-11-01,2019,11,9811.0
MO,2019-12-01,2019,12,10402.0
MO,2020-01-01,2020,1,15965.0
MO,2020-02-01,2020,2,15074.0
MO,2020-03-01,2020,3,15019.0
MO,2020-04-01,2020,4,13860.0
MO,2020-05-01,2020,5,17219.0
MO,2020-06-01,2020,6,17847.0
MO,2020-07-01,2020,7,19080.0
MO,2020-08-01,2020,8,19391.0
MO,2020-09-01,2020,9,19836.0
MO,2020-10-01,2020,10,21113.0
MO,2020-11-01,2020,11,20706.0
MO,2020-12-01,2020,12,21251.0
MO,2021-01-01,2021,1,25782.0
MO,2021-02-01,2021,2,20732.0
MO,2021-03-01,2021,3,23953.0
MO,2021-04-01,2021,4,24423.0
MO,2021-05-01,2021,5,26313.0
MO,2021-06-01,2021,6,25905.0
MO,2021-07-01,2021,7,27321.0
MO,2021-08-01,2021,8,26757.0
MO,2021-09-01,2021,9,26660.0
MO,2021-10-01,2021,10,27045.0
MO,2021-11-01,2021,11,25097.0
MO,2021-12-01,2021,12,25619.0
MO,2022-01-01,2022,1,23621.0
MO,2022-02-01,2022,2,20686.0
MO,2022-03-01,2022,3,25963.0
MO,2022-04-01,2022,4,25195.0
MO,2022-05-01,2022,5,26875.0
MO,2022-06-01,2022,6,26741.0
MO,2022-07-01,2022,7,29073.0
MO,2022-08-01,2022,8,28124.0
MO,2022-09-01,2022,9,26557.0
MO,2022-10-01,2022,10,26374.0
MO,2022-11-01,2022,11,22878.0
MO,2022-12-01,2022,12,22781.0
MO,2023-01-01,2023,1,23352.0
MO,2023-02-01,2023,2,20715.0
MO,2023-03-01,2023,3,22183.0
MO,2023-04-01,2023,4,22826.0
MO,2023-05-01,2023,5,24163.0
MO,2023-06-01,2023,6,23858.0
MO,2023-07-01,2023,7,25094.0
MO,2023-08-01,2023,8,24875.0
MO,2023-09-01,2023,9,22806.0
MO,2023-10-01,2023,10,23327.0
MO,2023-11-01,2023,11,21034.0
MO,2023-12-01,2023,12,21068.0
MO,2024-01-01,2024,1,20364.0
MO,2024-02-01,2024,2,20943.0
MO,2024-03-01,2024,3,22095.0
MO,2024-04-01,2024,4,21195.0
MO,2024-05-01,2024,5,23741.0
MO,2024-06-01,2024,6,23517.0
MO,2024-07-01,2024,7,24925.0
MO,2024-08-01,2024,8,23606.0
MO,2024-09-01,2024,9,22091.0
MO,2024-10-01,2024,10,22561.0
MO,2024-11-01,2024,11,19905.0
MO,2024-12-01,2024,12,19101.0
MS,2015-01-01,2015,1,1465.0
MS,2015-02-01,2015,2,1194.0
MS,2015-03-01,2015,3,1464.0
MS,2015-04-01,2015,4,1413.0
MS,2015-05-01,2015,5,1460.0
MS,2015-06-01,2015,6,1501.0
MS,2015-07-01,2015,7,1561.0
MS,2015-08-01,2015,8,1567.0
MS,2015-09-01,2015,9,1495.0
MS,2015-10-01,2015,10,1609.0
MS,2015-11-01,2015,11,1448.0
MS,2015-12-01,2015,12,1568.0
MS,2016-01-01,2016,1,1321.0
MS,2016-02-01,2016,2,1263.0
MS,2016-03-01,2016,3,1512.0
MS,2016-04-01,2016,4,1502.0
MS,2016-05-01,2016,5,1685.0
MS,2016-06-01,2016,6,1590.0
MS,2016-07-01,2016,7,1605.0
MS,2016-08-01,2016,8,1514.0
MS,2016-09-01,2016,9,1660.0
MS,2016-10-01,2016,10,1553.0
MS,2016-11-01,2016,11,1320.0
MS,2016-12-01,2016,12,1612.0
MS,2017-01-01,2017,1,1572.0
MS,2017-02-01,2017,2,1460.0
MS,2017-03-01,2017,3,1552.0
MS,2017-04-01,2017,4,1559.0
MS,2017-05-01,2017,5,1422.0
MS,2017-06-01,2017,6,1624.0
MS,2017-07-01,2017,7,1775.0
MS,2017-08-01,2017,8,1709.0
MS,2017-09-01,2017,9,1685.0
MS,2017-10-01,2017,10,1645.0
MS,2017-11-01,2017,11,1477.0
MS,2017-12-01,2017,12,1602.0
MS,2018-01-01,2018,1,2266.0
MS,2018-02-01,2018,2,2071.0
MS,2018-03-01,2018,3,2413.0
MS,2018-04-01,2018,4,2380.0
MS,2018-05-01,2018,5,2532.0
MS,2018-06-01,2018,6,2412.0
MS,2018-07-01,2018,7,2588.0
MS,2018-08-01,2018,8,2423.0
MS,2018-09-01,2018,9,2260.0
MS,2018-10-01,2018,10,2552.0
MS,2018-11-01,2018,11,2367.0
MS,2018-12-01,2018,12,2532.0
MS,2019-01-01,2019,1,3295.0
MS,2019-02-01,2019,2,3070.0
MS,2019-03-01,2019,3,3312.0
MS,2019-04-01,2019,4,3479.0
MS,2019-05-01,2019,5,3587.0
MS,2019-06-01,2019,6,3500.0
MS,2019-07-01,2019,7,3772.0
MS,2019-08-01,2019,8,3924.0
MS,2019-09-01,2019,9,3788.0
MS,2019-10-01,2019,10,3756.0
MS,2019-11-01,2019,11,3505.0
MS,2019-12-01,2019,12,3404.0
MS,2020-01-01,2020,1,5598.0
MS,2020-02-01,2020,2,5180.0
MS,2020-03-01,2020,3,5288.0
MS,2020-04-01,2020,4,4706.0
MS,2020-05-01,2020,5,5896.0
MS,2020-06-01,2020,6,6208.0
MS,2020-07-01,2020,7,6308.0
MS,2020-08-01,2020,8,6956.0
MS,2020-09-01,2020,9,6526.0
MS,2020-10-01,2020,10,6791.0
MS,2020-11-01,2020,11,6376.0
MS,2020-12-01,2020,12,6483.0
MS,2021-01-01,2021,1,7371.0
MS,2021-02-01,2021,2,5909.0
MS,2021-03-01,2021,3,7594.0
MS,2021-04-01,2021,4,7112.0
MS,2021-05-01,2021,5,7481.0
MS,2021-06-01,2021,6,7517.0
MS,2021-07-01,2021,7,7454.0
MS,2021-08-01,2021,8,7422.0
MS,2021-09-01,2021,9,7388.0
MS,2021-10-01,2021,10,7782.0
MS,2021-11-01,2021,11,6773.0
MS,2021-12-01,2021,12,7075.0
MS,2022-01-01,2022,1,6840.0
MS,2022-02-01,2022,2,6766.0
MS,2022-03-01,2022,3,7793.0
MS,2022-04-01,2022,4,7641.0
MS,2022-05-01,2022,5,7846.0
MS,2022-06-01,2022,6,6984.0
MS,2022-07-01,2022,7,7010.0
MS,2022-08-01,2022,8,6947.0
MS,2022-09-01,2022,9,6694.0
MS,2022-10-01,2022,10,6429.0
MS,2022-11-01,2022,11,5667.0
MS,2022-12-01,2022,12,5631.0
MS,2023-01-01,2023,1,5856.0
MS,2023-02-01,2023,2,5370.0
MS,2023-03-01,2023,3,5891.0
MS,2023-04-01,2023,4,5977.0
MS,2023-05-01,2023,5,6328.0
MS,2023-06-01,2023,6,5973.0
MS,2023-07-01,2023,7,5837.0
MS,2023-08-01,2023,8,6110.0
MS,2023-09-01,2023,9,5447.0
MS,2023-10-01,2023,10,5806.0
MS,2023-11-01,2023,11,5059.0
MS,2023-12-01,2023,12,4881.0
MS,2024-01-01,2024,1,4995.0
MS,2024-02-01,2024,2,5093.0
MS,2024-03-01,2024,3,5426.0
MS,2024-04-01,2024,4,5425.0
MS,2024-05-01,2024,5,5651.0
MS,2024-06-01,2024,6,5382.0
MS,2024-07-01,2024,7,5464.0
MS,2024-08-01,2024,8,5813.0
MS,2024-09-01,2024,9,5330.0
MS,2024-10-01,2024,10,5403.0
MS,2024-11-01,2024,11,4906.0
MS,2024-12-01,2024,12,4751.0
MT,2015-01-01,2015,1,3772.0
MT,2015-02-01,2015,2,3493.0
MT,2015-03-01,2015,3,4192.0
MT,2015-04-01,2015,4,4033.0
MT,2015-05-01,2015,5,4211.0
MT,2015-06-01,2015,6,4375.0
MT,2015-07-01,2015,7,4791.0
MT,2015-08-01,2015,8,4909.0
MT,2015-09-01,2015,9,4700.0
MT,2015-10-01,2015,10,4363.0
MT,2015-11-01,2015,11,4057.0
MT,2015-12-01,2015,12,4055.0
MT,2016-01-01,2016,1,4100.0
MT,2016-02-01,2016,2,3832.0
MT,2016-03-01,2016,3,4349.0
MT,2016-04-01,2016,4,4280.0
MT,2016-05-01,2016,5,4682.0
MT,2016-06-01,2016,6,4604.0
MT,2016-07-01,2016,7,4713.0
MT,2016-08-01,2016,8,5056.0
MT,2016-09-01,2016,9,4569.0
MT,2016-10-01,2016,10,4404.0
MT,2016-11-01,2016,11,4291.0
MT,2016-12-01,2016,12,3804.0
MT,2017-01-01,2017,1,3808.0
MT,2017-02-01,2017,2,3498.0
MT,2017-03-01,2017,3,4229.0
MT,2017-04-01,2017,4,4361.0
MT,2017-05-01,2017,5,4647.0
MT,2017-06-01,2017,6,4574.0
MT,2017-07-01,2017,7,4666.0
MT,2017-08-01,2017,8,4798.0
MT,2017-09-01,2017,9,4623.0
MT,2017-10-01,2017,10,4675.0
MT,2017-11-01,2017,11,4037.0
MT,2017-12-01,2017,12,3934.0
MT,2018-01-01,2018,1,3736.0
MT,2018-02-01,2018,2,3355.0
MT,2018-03-01,2018,3,3793.0
MT,2018-04-01,2018,4,3978.0
MT,2018-05-01,2018,5,4435.0
MT,2018-06-01,2018,6,4450.0
MT,2018-07-01,2018,7,4908.0
MT,2018-08-01,2018,8,4988.0
MT,2018-09-01,2018,9,4551.0
MT,2018-10-01,2018,10,4167.0
MT,2018-11-01,2018,11,4045.0
MT,2018-12-01,2018,12,4079.0
MT,2019-01-01,2019,1,3785.0
MT,2019-02-01,2019,2,3017.0
MT,2019-03-01,2019,3,3439.0
MT,2019-04-01,2019,4,3985.0
MT,2019-05-01,2019,5,4243.0
MT,2019-06-01,2019,6,4148.0
MT,2019-07-01,2019,7,4545.0
MT,2019-08-01,2019,8,4456.0
MT,2019-09-01,2019,9,4049.0
MT,2019-10-01,2019,10,3999.0
MT,2019-11-01,2019,11,3823.0
MT,2019-12-01,2019,12,3667.0
MT,2020-01-01,2020,1,3903.0
MT,2020-02-01,2020,2,3379.0
MT,2020-03-01,2020,3,3445.0
MT,2020-04-01,2020,4,3386.0
MT,2020-05-01,2020,5,3909.0
MT,2020-06-01,2020,6,4166.0
MT,2020-07-01,2020,7,4374.0
MT,2020-08-01,2020,8,4434.0
MT,2020-09-01,2020,9,4260.0
MT,2020-10-01,2020,10,4310.0
MT,2020-11-01,2020,11,4018.0
MT,2020-12-01,2020,12,3943.0
MT,2021-01-01,2021,1,4035.0
MT,2021-02-01,2021,2,3305.0
MT,2021-03-01,2021,3,3851.0
MT,2021-04-01,2021,4,3860.0
MT,2021-05-01,2021,5,4097.0
MT,2021-06-01,2021,6,4187.0
MT,2021-07-01,2021,7,4662.0
MT,2021-08-01,2021,8,4153.0
MT,2021-09-01,2021,9,4018.0
MT,2021-10-01,2021,10,4106.0
MT,2021-11-01,2021,11,3795.0
MT,2021-12-01,2021,12,3454.0
MT,2022-01-01,2022,1,3382.0
MT,2022-02-01,2022,2,3379.0
MT,2022-03-01,2022,3,3898.0
MT,2022-04-01,2022,4,3670.0
MT,2022-05-01,2022,5,3974.0
MT,2022-06-01,2022,6,4029.0
MT,2022-07-01,2022,7,4391.0
MT,2022-08-01,2022,8,4127.0
MT,2022-09-01,2022,9,4068.0
MT,2022-10-01,2022,10,4250.0
MT,2022-11-01,2022,11,3349.0
MT,2022-12-01,2022,12,3143.0
MT,2023-01-01,2023,1,3337.0
MT,2023-02-01,2023,2,3020.0
MT,2023-03-01,2023,3,3561.0
MT,2023-04-01,2023,4,3697.0
MT,2023-05-01,2023,5,4036.0
MT,2023-06-01,2023,6,3876.0
MT,2023-07-01,2023,7,4114.0
MT,2023-08-01,2023,8,4010.0
MT,2023-09-01,2023,9,3953.0
MT,2023-10-01,2023,10,3772.0
MT,2023-11-01,2023,11,3460.0
MT,2023-12-01,2023,12,3334.0
MT,2024-01-01,2024,1,3308.0
MT,2024-02-01,2024,2,3077.0
MT,2024-03-01,2024,3,3377.0
MT,2024-04-01,2024,4,3204.0
MT,2024-05-01,2024,5,3712.0
MT,2024-06-01,2024,6,3518.0
MT,2024-07-01,2024,7,3828.0
MT,2024-08-01,2024,8,3857.0
MT,2024-09-01,2024,9,3516.0
MT,2024-10-01,2024,10,3736.0
MT,2024-11-01,2024,11,3074.0
MT,2024-12-01,2024,12,3051.0
NC,2019-01-01,2019,1,41166.0
NC,2019-02-01,2019,2,36294.0
NC,2019-03-01,2019,3,40252.0
NC,2019-04-01,2019,4,40630.0
NC,2019-05-01,2019,5,44338.0
NC,2019-06-01,2019,6,42466.0
NC,2019-07-01,2019,7,44669.0
NC,2019-08-01,2019,8,44315.0
NC,2019-09-01,2019,9,43310.0
NC,2019-10-01,2019,10,44902.0
NC,2019-11-01,2019,11,41023.0
NC,2019-12-01,2019,12,42293.0
NC,2020-01-01,2020,1,44408.0
NC,2020-02-01,2020,2,40901.0
NC,2020-03-01,2020,3,41864.0
NC,2020-04-01,2020,4,37300.0
NC,2020-05-01,2020,5,43295.0
NC,2020-06-01,2020,6,43631.0
NC,2020-07-01,2020,7,45506.0
NC,2020-08-01,2020,8,46213.0
NC,2020-09-01,2020,9,44528.0
NC,2020-10-01,2020,10,46830.0
NC,2020-11-01,2020,11,42807.0
NC,2020-12-01,2020,12,42382.0
NC,2021-01-01,2021,1,41059.0
NC,2021-02-01,2021,2,37524.0
NC,2021-03-01,2021,3,41425.0
NC,2021-04-01,2021,4,40971.0
NC,2021-05-01,2021,5,44190.0
NC,2021-06-01,2021,6,44510.0
NC,2021-07-01,2021,7,45241.0
NC,2021-08-01,2021,8,43380.0
NC,2021-09-01,2021,9,44162.0
NC,2021-10-01,2021,10,45222.0
NC,2021-11-01,2021,11,42308.0
NC,2021-12-01,2021,12,45450.0
NC,2022-01-01,2022,1,39324.0
NC,2022-02-01,2022,2,40270.0
NC,2022-03-01,2022,3,44860.0
NC,2022-04-01,2022,4,44052.0
NC,2022-05-01,2022,5,45826.0
NC,2022-06-01,2022,6,44488.0
NC,2022-07-01,2022,7,44467.0
NC,2022-08-01,2022,8,44906.0
NC,2022-09-01,2022,9,42856.0
NC,2022-10-01,2022,10,43448.0
NC,2022-11-01,2022,11,39710.0
NC,2022-12-01,2022,12,40257.0
NC,2023-01-01,2023,1,42327.0
NC,2023-02-01,2023,2,38449.0
NC,2023-03-01,2023,3,41876.0
NC,2023-04-01,2023,4,40579.0
NC,2023-05-01,2023,5,45362.0
NC,2023-06-01,2023,6,42369.0
NC,2023-07-01,2023,7,43223.0
NC,2023-08-01,2023,8,43042.0
NC,2023-09-01,2023,9,41874.0
NC,2023-10-01,2023,10,41925.0
NC,2023-11-01,2023,11,38750.0
NC,2023-12-01,2023,12,38144.0
NC,2024-01-01,2024,1,40845.0
NC,2024-02-01,2024,2,39269.0
NC,2024-03-01,2024,3,40801.0
NC,2024-04-01,2024,4,40825.0
NC,2024-05-01,2024,5,43477.0
NC,2024-06-01,2024,6,41385.0
NC,2024-07-01,2024,7,41839.0
NC,2024-08-01,2024,8,41549.0
NC,2024-09-01,2024,9,40540.0
NC,2024-10-01,2024,10,41031.0
NC,2024-11-01,2024,11,37201.0
NC,2024-12-01,2024,12,37034.0
ND,2015-01-01,2015,1,2992.0
ND,2015-02-01,2015,2,2596.0
ND,2015-03-01,2015,3,3226.0
ND,2015-04-01,2015,4,3353.0
ND,2015-05-01,2015,5,3426.0
ND,2015-06-01,2015,6,3504.0
ND,2015-07-01,2015,7,3682.0
ND,2015-08-01,2015,8,3928.0
ND,2015-09-01,2015,9,3762.0
ND,2015-10-01,2015,10,3702.0
ND,2015-11-01,2015,11,3301.0
ND,2015-12-01,2015,12,3245.0
ND,2016-01-01,2016,1,3215.0
ND,2016-02-01,2016,2,2905.0
ND,2016-03-01,2016,3,3258.0
ND,2016-04-01,2016,4,3198.0
ND,2016-05-01,2016,5,3271.0
ND,2016-06-01,2016,6,3306.0
ND,2016-07-01,2016,7,3517.0
ND,2016-08-01,2016,8,3694.0
ND,2016-09-01,2016,9,3694.0
ND,2016-10-01,2016,10,3722.0
ND,2016-11-01,2016,11,3254.0
ND,2016-12-01,2016,12,2654.0
ND,2017-01-01,2017,1,3046.0
ND,2017-02-01,2017,2,2795.0
ND,2017-03-01,2017,3,3247.0
ND,2017-04-01,2017,4,3201.0
ND,2017-05-01,2017,5,3475.0
ND,2017-06-01,2017,6,3457.0
ND,2017-07-01,2017,7,3534.0
ND,2017-08-01,2017,8,3603.0
ND,2017-09-01,2017,9,3545.0
ND,2017-10-01,2017,10,3482.0
ND,2017-11-01,2017,11,3078.0
ND,2017-12-01,2017,12,2846.0
ND,2018-01-01,2018,1,3070.0
ND,2018-02-01,2018,2,2644.0
ND,2018-03-01,2018,3,2966.0
ND,2018-04-01,2018,4,3130.0
ND,2018-05-01,2018,5,3421.0
ND,2018-06-01,2018,6,3266.0
ND,2018-07-01,2018,7,3687.0
ND,2018-08-01,2018,8,3696.0
ND,2018-09-01,2018,9,3417.0
ND,2018-10-01,2018,10,3572.0
ND,2018-11-01,2018,11,3041.0
ND,2018-12-01,2018,12,3020.0
ND,2019-01-01,2019,1,3050.0
ND,2019-02-01,2019,2,2684.0
ND,2019-03-01,2019,3,3196.0
ND,2019-04-01,2019,4,3132.0
ND,2019-05-01,2019,5,3656.0
ND,2019-06-01,2019,6,3433.0
ND,2019-07-01,2019,7,3606.0
ND,2019-08-01,2019,8,3435.0
ND,2019-09-01,2019,9,3434.0
ND,2019-10-01,2019,10,3269.0
ND,2019-11-01,2019,11,2996.0
ND,2019-12-01,2019,12,2820.0
ND,2020-01-01,2020,1,3007.0
ND,2020-02-01,2020,2,2872.0
ND,2020-03-01,2020,3,2879.0
ND,2020-04-01,2020,4,2705.0
ND,2020-05-01,2020,5,3453.0
ND,2020-06-01,2020,6,3612.0
ND,2020-07-01,2020,7,3771.0
ND,2020-08-01,2020,8,3812.0
ND,2020-09-01,2020,9,3628.0
ND,2020-10-01,2020,10,3470.0
ND,2020-11-01,2020,11,3411.0
ND,2020-12-01,2020,12,3654.0
ND,2021-01-01,2021,1,3608.0
ND,2021-02-01,2021,2,2971.0
ND,2021-03-01,2021,3,3676.0
ND,2021-04-01,2021,4,3442.0
ND,2021-05-01,2021,5,3747.0
ND,2021-06-01,2021,6,3725.0
ND,2021-07-01,2021,7,4019.0
ND,2021-08-01,2021,8,3976.0
ND,2021-09-01,2021,9,3954.0
ND,2021-10-01,2021,10,3709.0
ND,2021-11-01,2021,11,3371.0
ND,2021-12-01,2021,12,3127.0
ND,2022-01-01,2022,1,3003.0
ND,2022-02-01,2022,2,3046.0
ND,2022-03-01,2022,3,3523.0
ND,2022-04-01,2022,4,3257.0
ND,2022-05-01,2022,5,3673.0
ND,2022-06-01,2022,6,3477.0
ND,2022-07-01,2022,7,3709.0
ND,2022-08-01,2022,8,3892.0
ND,2022-09-01,2022,9,3853.0
ND,2022-10-01,2022,10,3713.0
ND,2022-11-01,2022,11,3029.0
ND,2022-12-01,2022,12,2856.0
ND,2023-01-01,2023,1,3130.0
ND,2023-02-01,2023,2,2931.0
ND,2023-03-01,2023,3,2992.0
ND,2023-04-01,2023,4,3211.0
ND,2023-05-01,2023,5,3638.0
ND,2023-06-01,2023,6,3681.0
ND,2023-07-01,2023,7,3760.0
ND,2023-08-01,2023,8,3841.0
ND,2023-09-01,2023,9,3707.0
ND,2023-10-01,2023,10,3455.0
ND,2023-11-01,2023,11,3313.0
ND,2023-12-01,2023,12,3224.0
ND,2024-01-01,2024,1,3104.0
ND,2024-02-01,2024,2,2877.0
ND,2024-03-01,2024,3,3052.0
ND,2024-04-01,2024,4,3205.0
ND,2024-05-01,2024,5,3507.0
ND,2024-06-01,2024,6,3167.0
ND,2024-07-01,2024,7,3433.0
ND,2024-08-01,2024,8,3471.0
ND,2024-09-01,2024,9,3226.0
ND,2024-10-01,2024,10,3443.0
ND,2024-11-01,2024,11,2884.0
ND,2024-12-01,2024,12,2707.0
NH,2015-01-01,2015,1,4349.0
NH,2015-02-01,2015,2,3592.0
NH,2015-03-01,2015,3,5020.0
NH,2015-04-01,2015,4,5947.0
NH,2015-05-01,2015,5,5617.0
NH,2015-06-01,2015,6,5464.0
NH,2015-07-01,2015,7,5748.0
NH,2015-08-01,2015,8,5654.0
NH,2015-09-01,2015,9,5488.0
NH,2015-10-01,2015,10,5401.0
NH,2015-11-01,2015,11,4998.0
NH,2015-12-01,2015,12,5366.0
NH,2016-01-01,2016,1,4697.0
NH,2016-02-01,2016,2,4072.0
NH,2016-03-01,2016,3,4885.0
NH,2016-04-01,2016,4,4947.0
NH,2016-05-01,2016,5,5422.0
NH,2016-06-01,2016,6,5245.0
NH,2016-07-01,2016,7,5184.0
NH,2016-08-01,2016,8,5434.0
NH,2016-09-01,2016,9,5223.0
NH,2016-10-01,2016,10,4926.0
NH,2016-11-01,2016,11,4505.0
NH,2016-12-01,2016,12,4245.0
NH,2017-01-01,2017,1,4588.0
NH,2017-02-01,2017,2,3983.0
NH,2017-03-01,2017,3,4762.0
NH,2017-04-01,2017,4,4900.0
NH,2017-05-01,2017,5,5269.0
NH,2017-06-01,2017,6,5105.0
NH,2017-07-01,2017,7,5340.0
NH,2017-08-01,2017,8,5188.0
NH,2017-09-01,2017,9,4776.0
NH,2017-10-01,2017,10,4966.0
NH,2017-11-01,2017,11,4539.0
NH,2017-12-01,2017,12,3983.0
NH,2018-01-01,2018,1,4114.0
NH,2018-02-01,2018,2,3821.0
NH,2018-03-01,2018,3,4385.0
NH,2018-04-01,2018,4,4486.0
NH,2018-05-01,2018,5,5158.0
NH,2018-06-01,2018,6,4904.0
NH,2018-07-01,2018,7,5060.0
NH,2018-08-01,2018,8,4932.0
NH,2018-09-01,2018,9,4928.0
NH,2018-10-01,2018,10,4958.0
NH,2018-11-01,2018,11,4308.0
NH,2018-12-01,2018,12,4372.0
NH,2019-01-01,2019,1,4280.0
NH,2019-02-01,2019,2,3851.0
NH,2019-03-01,2019,3,4163.0
NH,2019-04-01,2019,4,4450.0
NH,2019-05-01,2019,5,4567.0
NH,2019-06-01,2019,6,4496.0
NH,2019-07-01,2019,7,4788.0
NH,2019-08-01,2019,8,4667.0
NH,2019-09-01,2019,9,4732.0
NH,2019-10-01,2019,10,4758.0
NH,2019-11-01,2019,11,4111.0
NH,2019-12-01,2019,12,3778.0
NH,2020-01-01,2020,1,4058.0
NH,2020-02-01,2020,2,3641.0
NH,2020-03-01,2020,3,3584.0
NH,2020-04-01,2020,4,3137.0
NH,2020-05-01,2020,5,3708.0
NH,2020-06-01,2020,6,4209.0
NH,2020-07-01,2020,7,4321.0
NH,2020-08-01,2020,8,4551.0
NH,2020-09-01,2020,9,4491.0
NH,2020-10-01,2020,10,4612.0
NH,2020-11-01,2020,11,4085.0
NH,2020-12-01,2020,12,3606.0
NH,2021-01-01,2021,1,3607.0
NH,2021-02-01,2021,2,3354.0
NH,2021-03-01,2021,3,4126.0
NH,2021-04-01,2021,4,3714.0
NH,2021-05-01,2021,5,4273.0
NH,2021-06-01,2021,6,4341.0
NH,2021-07-01,2021,7,4145.0
NH,2021-08-01,2021,8,4331.0
NH,2021-09-01,2021,9,4243.0
NH,2021-10-01,2021,10,4261.0
NH,2021-11-01,2021,11,4008.0
NH,2021-12-01,2021,12,3639.0
NH,2022-01-01,2022,1,3309.0
NH,2022-02-01,2022,2,3454.0
NH,2022-03-01,2022,3,3937.0
NH,2022-04-01,2022,4,4073.0
NH,2022-05-01,2022,5,4177.0
NH,2022-06-01,2022,6,4308.0
NH,2022-07-01,2022,7,4227.0
NH,2022-08-01,2022,8,4181.0
NH,2022-09-01,2022,9,4004.0
NH,2022-10-01,2022,10,4041.0
NH,2022-11-01,2022,11,3634.0
NH,2022-12-01,2022,12,3363.0
NH,2023-01-01,2023,1,3275.0
NH,2023-02-01,2023,2,2920.0
NH,2023-03-01,2023,3,3422.0
NH,2023-04-01,2023,4,3380.0
NH,2023-05-01,2023,5,3490.0
NH,2023-06-01,2023,6,3264.0
NH,2023-07-01,2023,7,3336.0
NH,2023-08-01,2023,8,3613.0
NH,2023-09-01,2023,9,3547.0
NH,2023-10-01,2023,10,3573.0
NH,2023-11-01,2023,11,3158.0
NH,2023-12-01,2023,12,2818.0
NH,2024-01-01,2024,1,3217.0
NH,2024-02-01,2024,2,3180.0
NH,2024-03-01,2024,3,3689.0
NH,2024-04-01,2024,4,3421.0
NH,2024-05-01,2024,5,3943.0
NH,2024-06-01,2024,6,3511.0
NH,2024-07-01,2024,7,3768.0
NH,2024-08-01,2024,8,3510.0
NH,2024-09-01,2024,9,3863.0
NH,2024-10-01,2024,10,3784.0
NH,2024-11-01,2024,11,3346.0
NH,2024-12-01,2024,12,3156.0
OH,2015-01-01,2015,1,35675.0
OH,2015-02-01,2015,2,28869.0
OH,2015-03-01,2015,3,37897.0
OH,2015-04-01,2015,4,39702.0
OH,2015-05-01,2015,5,43001.0
OH,2015-06-01,2015,6,41820.0
OH,2015-07-01,2015,7,45327.0
OH,2015-08-01,2015,8,44680.0
OH,2015-09-01,2015,9,42436.0
OH,2015-10-01,2015,10,39906.0
OH,2015-11-01,2015,11,34707.0
OH,2015-12-01,2015,12,35281.0
OH,2016-01-01,2016,1,37275.0
OH,2016-02-01,2016,2,33733.0
OH,2016-03-01,2016,3,40597.0
OH,2016-04-01,2016,4,39179.0
OH,2016-05-01,2016,5,43285.0
OH,2016-06-01,2016,6,43335.0
OH,2016-07-01,2016,7,44382.0
OH,2016-08-01,2016,8,44297.0
OH,2016-09-01,2016,9,41958.0
OH,2016-10-01,2016,10,42056.0
OH,2016-11-01,2016,11,38174.0
OH,2016-12-01,2016,12,35938.0
OH,2017-01-01,2017,1,41423.0
OH,2017-02-01,2017,2,36332.0
OH,2017-03-01,2017,3,39406.0
OH,2017-04-01,2017,4,41643.0
OH,2017-05-01,2017,5,44652.0
OH,2017-06-01,2017,6,44513.0
OH,2017-07-01,2017,7,46491.0
OH,2017-08-01,2017,8,45908.0
OH,2017-09-01,2017,9,43573.0
OH,2017-10-01,2017,10,43430.0
OH,2017-11-01,2017,11,39367.0
OH,2017-12-01,2017,12,36303.0
OH,2018-01-01,2018,1,36730.0
OH,2018-02-01,2018,2,33718.0
OH,2018-03-01,2018,3,38226.0
OH,2018-04-01,2018,4,39617.0
OH,2018-05-01,2018,5,43876.0
OH,2018-06-01,2018,6,42227.0
OH,2018-07-01,2018,7,45448.0
OH,2018-08-01,2018,8,45311.0
OH,2018-09-01,2018,9,41740.0
OH,2018-10-01,2018,10,41139.0
OH,2018-11-01,2018,11,36554.0
OH,2018-12-01,2018,12,38359.0
OH,2019-01-01,2019,1,35325.0
OH,2019-02-01,2019,2,33414.0
OH,2019-03-01,2019,3,37668.0
OH,2019-04-01,2019,4,39197.0
OH,2019-05-01,2019,5,41680.0
OH,2019-06-01,2019,6,40564.0
OH,2019-07-01,2019,7,43333.0
OH,2019-08-01,2019,8,42203.0
OH,2019-09-01,2019,9,40873.0
OH,2019-10-01,2019,10,39602.0
OH,2019-11-01,2019,11,35598.0
OH,2019-12-01,2019,12,36679.0
OH,2020-01-01,2020,1,38211.0
OH,2020-02-01,2020,2,33524.0
OH,2020-03-01,2020,3,33472.0
OH,2020-04-01,2020,4,30414.0
OH,2020-05-01,2020,5,36779.0
OH,2020-06-01,2020,6,39191.0
OH,2020-07-01,2020,7,40398.0
OH,2020-08-01,2020,8,41538.0
OH,2020-09-01,2020,9,38634.0
OH,2020-10-01,2020,10,38437.0
OH,2020-11-01,2020,11,34617.0
OH,2020-12-01,2020,12,35506.0
OH,2021-01-01,2021,1,38981.0
OH,2021-02-01,2021,2,36849.0
OH,2021-03-01,2021,3,41604.0
OH,2021-04-01,2021,4,36152.0
OH,2021-05-01,2021,5,39313.0
OH,2021-06-01,2021,6,38820.0
OH,2021-07-01,2021,7,42305.0
OH,2021-08-01,2021,8,41535.0
OH,2021-09-01,2021,9,40515.0
OH,2021-10-01,2021,10,40849.0
OH,2021-11-01,2021,11,36252.0
OH,2021-12-01,2021,12,36814.0
OH,2022-01-01,2022,1,34933.0
OH,2022-02-01,2022,2,33259.0
OH,2022-03-01,2022,3,40416.0
OH,2022-04-01,2022,4,39925.0
OH,2022-05-01,2022,5,42573.0
OH,2022-06-01,2022,6,42362.0
OH,2022-07-01,2022,7,44099.0
OH,2022-08-01,2022,8,43107.0
OH,2022-09-01,2022,9,40793.0
OH,2022-10-01,2022,10,40279.0
OH,2022-11-01,2022,11,37193.0
OH,2022-12-01,2022,12,36169.0
OH,2023-01-01,2023,1,38775.0
OH,2023-02-01,2023,2,35208.0
OH,2023-03-01,2023,3,37960.0
OH,2023-04-01,2023,4,38210.0
OH,2023-05-01,2023,5,41457.0
OH,2023-06-01,2023,6,40255.0
OH,2023-07-01,2023,7,40902.0
OH,2023-08-01,2023,8,39730.0
OH,2023-09-01,2023,9,36723.0
OH,2023-10-01,2023,10,36588.0
OH,2023-11-01,2023,11,31792.0
OH,2023-12-01,2023,12,30567.0
OH,2024-01-01,2024,1,32618.0
OH,2024-02-01,2024,2,31458.0
OH,2024-03-01,2024,3,34009.0
OH,2024-04-01,2024,4,34392.0
OH,2024-05-01,2024,5,37978.0
OH,2024-06-01,2024,6,35443.0
OH,2024-07-01,2024,7,37138.0
OH,2024-08-01,2024,8,37369.0
OH,2024-09-01,2024,9,35416.0
OH,2024-10-01,2024,10,35686.0
OH,2024-11-01,2024,11,31654.0
OH,2024-12-01,2024,12,30383.0
OK,2015-01-01,2015,1,5801.0
OK,2015-02-01,2015,2,4624.0
OK,2015-03-01,2015,3,5634.0
OK,2015-04-01,2015,4,5881.0
OK,2015-05-01,2015,5,6019.0
OK,2015-06-01,2015,6,6044.0
OK,2015-07-01,2015,7,6497.0
OK,2015-08-01,2015,8,6236.0
OK,2015-09-01,2015,9,6005.0
OK,2015-10-01,2015,10,6146.0
OK,2015-11-01,2015,11,5344.0
OK,2015-12-01,2015,12,5685.0
OK,2016-01-01,2016,1,6640.0
OK,2016-02-01,2016,2,6176.0
OK,2016-03-01,2016,3,6820.0
OK,2016-04-01,2016,4,6825.0
OK,2016-05-01,2016,5,7090.0
OK,2016-06-01,2016,6,6867.0
OK,2016-07-01,2016,7,7095.0
OK,2016-08-01,2016,8,7250.0
OK,2016-09-01,2016,9,6812.0
OK,2016-10-01,2016,10,7066.0
OK,2016-11-01,2016,11,6220.0
OK,2016-12-01,2016,12,6758.0
OK,2017-01-01,2017,1,7126.0
OK,2017-02-01,2017,2,6620.0
OK,2017-03-01,2017,3,7177.0
OK,2017-04-01,2017,4,7041.0
OK,2017-05-01,2017,5,7486.0
OK,2017-06-01,2017,6,7257.0
OK,2017-07-01,2017,7,7165.0
OK,2017-08-01,2017,8,7146.0
OK,2017-09-01,2017,9,6879.0
OK,2017-10-01,2017,10,7156.0
OK,2017-11-01,2017,11,6761.0
OK,2017-12-01,2017,12,6350.0
OK,2018-01-01,2018,1,7312.0
OK,2018-02-01,2018,2,6311.0
OK,2018-03-01,2018,3,7528.0
OK,2018-04-01,2018,4,7264.0
OK,2018-05-01,2018,5,7690.0
OK,2018-06-01,2018,6,7303.0
OK,2018-07-01,2018,7,7642.0
OK,2018-08-01,2018,8,7699.0
OK,2018-09-01,2018,9,7400.0
OK,2018-10-01,2018,10,7803.0
OK,2018-11-01,2018,11,6888.0
OK,2018-12-01,2018,12,6756.0
OK,2019-01-01,2019,1,7166.0
OK,2019-02-01,2019,2,6546.0
OK,2019-03-01,2019,3,7072.0
OK,2019-04-01,2019,4,9293.0
OK,2019-05-01,2019,5,12111.0
OK,2019-06-01,2019,6,11723.0
OK,2019-07-01,2019,7,12496.0
OK,2019-08-01,2019,8,12460.0
OK,2019-09-01,2019,9,12167.0
OK,2019-10-01,2019,10,11414.0
OK,2019-11-01,2019,11,10768.0
OK,2019-12-01,2019,12,11216.0
OK,2020-01-01,2020,1,11467.0
OK,2020-02-01,2020,2,10136.0
OK,2020-03-01,2020,3,10790.0
OK,2020-04-01,2020,4,10676.0
OK,2020-05-01,2020,5,13400.0
OK,2020-06-01,2020,6,14701.0
OK,2020-07-01,2020,7,12212.0
OK,2020-08-01,2020,8,12457.0
OK,2020-09-01,2020,9,11612.0
OK,2020-10-01,2020,10,11607.0
OK,2020-11-01,2020,11,10689.0
OK,2020-12-01,2020,12,11224.0
OK,2021-01-01,2021,1,18169.0
OK,2021-02-01,2021,2,14403.0
OK,2021-03-01,2021,3,18414.0
OK,2021-04-01,2021,4,17917.0
OK,2021-05-01,2021,5,18615.0
OK,2021-06-01,2021,6,18950.0
OK,2021-07-01,2021,7,20015.0
OK,2021-08-01,2021,8,19451.0
OK,2021-09-01,2021,9,19584.0
OK,2021-10-01,2021,10,19346.0
OK,2021-11-01,2021,11,17942.0
OK,2021-12-01,2021,12,18002.0
OK,2022-01-01,2022,1,17257.0
OK,2022-02-01,2022,2,15115.0
OK,2022-03-01,2022,3,17735.0
OK,2022-04-01,2022,4,18352.0
OK,2022-05-01,2022,5,19234.0
OK,2022-06-01,2022,6,18841.0
OK,2022-07-01,2022,7,18981.0
OK,2022-08-01,2022,8,19416.0
OK,2022-09-01,2022,9,19154.0
OK,2022-10-01,2022,10,18782.0
OK,2022-11-01,2022,11,16433.0
OK,2022-12-01,2022,12,16796.0
OK,2023-01-01,2023,1,17898.0
OK,2023-02-01,2023,2,16030.0
OK,2023-03-01,2023,3,17632.0
OK,2023-04-01,2023,4,17407.0
OK,2023-05-01,2023,5,18591.0
OK,2023-06-01,2023,6,17928.0
OK,2023-07-01,2023,7,18458.0
OK,2023-08-01,2023,8,18033.0
OK,2023-09-01,2023,9,16875.0
OK,2023-10-01,2023,10,16955.0
OK,2023-11-01,2023,11,15343.0
OK,2023-12-01,2023,12,16128.0
OK,2024-01-01,2024,1,15674.0
OK,2024-02-01,2024,2,16343.0
OK,2024-03-01,2024,3,17456.0
OK,2024-04-01,2024,4,17577.0
OK,2024-05-01,2024,5,18147.0
OK,2024-06-01,2024,6,17259.0
OK,2024-07-01,2024,7,17634.0
OK,2024-08-01,2024,8,17725.0
OK,2024-09-01,2024,9,17285.0
OK,2024-10-01,2024,10,17302.0
OK,2024-11-01,2024,11,15256.0
OK,2024-12-01,2024,12,15280.0
OR,2015-01-01,2015,1,8979.0
OR,2015-02-01,2015,2,7890.0
OR,2015-03-01,2015,3,8439.0
OR,2015-04-01,2015,4,8496.0
OR,2015-05-01,2015,5,8599.0
OR,2015-06-01,2015,6,8398.0
OR,2015-07-01,2015,7,8735.0
OR,2015-08-01,2015,8,8823.0
OR,2015-09-01,2015,9,8078.0
OR,2015-10-01,2015,10,8391.0
OR,2015-11-01,2015,11,7608.0
OR,2015-12-01,2015,12,8388.0
OR,2016-01-01,2016,1,17194.0
OR,2016-02-01,2016,2,16263.0
OR,2016-03-01,2016,3,16931.0
OR,2016-04-01,2016,4,16893.0
OR,2016-05-01,2016,5,17171.0
OR,2016-06-01,2016,6,16770.0
OR,2016-07-01,2016,7,17381.0
OR,2016-08-01,2016,8,17807.0
OR,2016-09-01,2016,9,17236.0
OR,2016-10-01,2016,10,17751.0
OR,2016-11-01,2016,11,17150.0
OR,2016-12-01,2016,12,16260.0
OR,2017-01-01,2017,1,17183.0
OR,2017-02-01,2017,2,16524.0
OR,2017-03-01,2017,3,18926.0
OR,2017-04-01,2017,4,18234.0
OR,2017-05-01,2017,5,19094.0
OR,2017-06-01,2017,6,18803.0
OR,2017-07-01,2017,7,18982.0
OR,2017-08-01,2017,8,18382.0
OR,2017-09-01,2017,9,17684.0
OR,2017-10-01,2017,10,18750.0
OR,2017-11-01,2017,11,17669.0
OR,2017-12-01,2017,12,17869.0
OR,2018-01-01,2018,1,19771.0
OR,2018-02-01,2018,2,16957.0
OR,2018-03-01,2018,3,18622.0
OR,2018-04-01,2018,4,18779.0
OR,2018-05-01,2018,5,19594.0
OR,2018-06-01,2018,6,18639.0
OR,2018-07-01,2018,7,19224.0
OR,2018-08-01,2018,8,19623.0
OR,2018-09-01,2018,9,18128.0
OR,2018-10-01,2018,10,19001.0
OR,2018-11-01,2018,11,18051.0
OR,2018-12-01,2018,12,18101.0
OR,2019-01-01,2019,1,18525.0
OR,2019-02-01,2019,2,15923.0
OR,2019-03-01,2019,3,17787.0
OR,2019-04-01,2019,4,17762.0
OR,2019-05-01,2019,5,18705.0
OR,2019-06-01,2019,6,18043.0
OR,2019-07-01,2019,7,19003.0
OR,2019-08-01,2019,8,18781.0
OR,2019-09-01,2019,9,17835.0
OR,2019-10-01,2019,10,18293.0
OR,2019-11-01,2019,11,17400.0
OR,2019-12-01,2019,12,18296.0
OR,2020-01-01,2020,1,18513.0
OR,2020-02-01,2020,2,17000.0
OR,2020-03-01,2020,3,16114.0
OR,2020-04-01,2020,4,15739.0
OR,2020-05-01,2020,5,16801.0
OR,2020-06-01,2020,6,16308.0
OR,2020-07-01,2020,7,17969.0
OR,2020-08-01,2020,8,18459.0
OR,2020-09-01,2020,9,18720.0
OR,2020-10-01,2020,10,18914.0
OR,2020-11-01,2020,11,16384.0
OR,2020-12-01,2020,12,16464.0
OR,2021-01-01,2021,1,15325.0
OR,2021-02-01,2021,2,14451.0
OR,2021-03-01,2021,3,16734.0
OR,2021-04-01,2021,4,15991.0
OR,2021-05-01,2021,5,17569.0
OR,2021-06-01,2021,6,17458.0
OR,2021-07-01,2021,7,18265.0
OR,2021-08-01,2021,8,17770.0
OR,2021-09-01,2021,9,17549.0
OR,2021-10-01,2021,10,18884.0
OR,2021-11-01,2021,11,19104.0
OR,2021-12-01,2021,12,19041.0
OR,2022-01-01,2022,1,19786.0
OR,2022-02-01,2022,2,18049.0
OR,2022-03-01,2022,3,19370.0
OR,2022-04-01,2022,4,18047.0
OR,2022-05-01,2022,5,18580.0
OR,2022-06-01,2022,6,18185.0
OR,2022-07-01,2022,7,18877.0
OR,2022-08-01,2022,8,19027.0
OR,2022-09-01,2022,9,17603.0
OR,2022-10-01,2022,10,18532.0
OR,2022-11-01,2022,11,16822.0
OR,2022-12-01,2022,12,16486.0
OR,2023-01-01,2023,1,17935.0
OR,2023-02-01,2023,2,15539.0
OR,2023-03-01,2023,3,17698.0
OR,2023-04-01,2023,4,17095.0
OR,2023-05-01,2023,5,17153.0
OR,2023-06-01,2023,6,16645.0
OR,2023-07-01,2023,7,17409.0
OR,2023-08-01,2023,8,17529.0
OR,2023-09-01,2023,9,16419.0
OR,2023-10-01,2023,10,16861.0
OR,2023-11-01,2023,11,15551.0
OR,2023-12-01,2023,12,15390.0
OR,2024-01-01,2024,1,15312.0
OR,2024-02-01,2024,2,15124.0
OR,2024-03-01,2024,3,15693.0
OR,2024-04-01,2024,4,15381.0
OR,2024-05-01,2024,5,15803.0
OR,2024-06-01,2024,6,15223.0
OR,2024-07-01,2024,7,16107.0
OR,2024-08-01,2024,8,16359.0
OR,2024-09-01,2024,9,16369.0
OR,2024-10-01,2024,10,16144.0
OR,2024-11-01,2024,11,14530.0
OR,2024-12-01,2024,12,15010.0
PA,2015-01-01,2015,1,420.0
PA,2015-02-01,2015,2,387.0
PA,2015-03-01,2015,3,460.0
PA,2015-04-01,2015,4,453.0
PA,2015-05-01,2015,5,497.0
PA,2015-06-01,2015,6,528.0
PA,2015-07-01,2015,7,583.0
PA,2015-08-01,2015,8,549.0
PA,2015-09-01,2015,9,525.0
PA,2015-10-01,2015,10,566.0
PA,2015-11-01,2015,11,496.0
PA,2015-12-01,2015,12,555.0
PA,2016-01-01,2016,1,425.0
PA,2016-02-01,2016,2,413.0
PA,2016-03-01,2016,3,416.0
PA,2016-04-01,2016,4,380.0
PA,2016-05-01,2016,5,424.0
PA,2016-06-01,2016,6,459.0
PA,2016-07-01,2016,7,474.0
PA,2016-08-01,2016,8,456.0
PA,2016-09-01,2016,9,476.0
PA,2016-10-01,2016,10,501.0
PA,2016-11-01,2016,11,398.0
PA,2016-12-01,2016,12,444.0
PA,2017-01-01,2017,1,463.0
PA,2017-02-01,2017,2,444.0
PA,2017-03-01,2017,3,416.0
PA,2017-04-01,2017,4,432.0
PA,2017-05-01,2017,5,444.0
PA,2017-06-01,2017,6,466.0
PA,2017-07-01,2017,7,505.0
PA,2017-08-01,2017,8,450.0
PA,2017-09-01,2017,9,450.0
PA,2017-10-01,2017,10,503.0
PA,2017-11-01,2017,11,425.0
PA,2017-12-01,2017,12,432.0
PA,2018-01-01,2018,1,344.0
PA,2018-02-01,2018,2,329.0
PA,2018-03-01,2018,3,376.0
PA,2018-04-01,2018,4,355.0
PA,2018-05-01,2018,5,370.0
PA,2018-06-01,2018,6,319.0
PA,2018-07-01,2018,7,299.0
PA,2018-08-01,2018,8,294.0
PA,2018-09-01,2018,9,223.0
PA,2018-10-01,2018,10,156.0
PA,2018-11-01,2018,11,337.0
PA,2018-12-01,2018,12,322.0
PA,2019-01-01,2019,1,332.0
PA,2019-02-01,2019,2,314.0
PA,2019-03-01,2019,3,332.0
PA,2019-04-01,2019,4,338.0
PA,2019-05-01,2019,5,370.0
PA,2019-06-01,2019,6,337.0
PA,2019-07-01,2019,7,343.0
PA,2019-08-01,2019,8,299.0
PA,2019-09-01,2019,9,308.0
PA,2019-10-01,2019,10,331.0
PA,2019-11-01,2019,11,322.0
PA,2019-12-01,2019,12,313.0
PA,2020-01-01,2020,1,383.0
PA,2020-02-01,2020,2,337.0
PA,2020-03-01,2020,3,339.0
PA,2020-04-01,2020,4,288.0
PA,2020-05-01,2020,5,354.0
PA,2020-06-01,2020,6,387.0
PA,2020-07-01,2020,7,394.0
PA,2020-08-01,2020,8,432.0
PA,2020-09-01,2020,9,396.0
PA,2020-10-01,2020,10,414.0
PA,2020-11-01,2020,11,374.0
PA,2020-12-01,2020,12,455.0
PA,2021-01-01,2021,1,6312.0
PA,2021-02-01,2021,2,5595.0
PA,2021-03-01,2021,3,7236.0
PA,2021-04-01,2021,4,16016.0
PA,2021-05-01,2021,5,17313.0
PA,2021-06-01,2021,6,18177.0
PA,2021-07-01,2021,7,23950.0
PA,2021-08-01,2021,8,19630.0
PA,2021-09-01,2021,9,19813.0
PA,2021-10-01,2021,10,20577.0
PA,2021-11-01,2021,11,18775.0
PA,2021-12-01,2021,12,18353.0
PA,2022-01-01,2022,1,17182.0
PA,2022-02-01,2022,2,17132.0
PA,2022-03-01,2022,3,19600.0
PA,2022-04-01,2022,4,19173.0
PA,2022-05-01,2022,5,20492.0
PA,2022-06-01,2022,6,20683.0
PA,2022-07-01,2022,7,21055.0
PA,2022-08-01,2022,8,21320.0
PA,2022-09-01,2022,9,20486.0
PA,2022-10-01,2022,10,20572.0
PA,2022-11-01,2022,11,19624.0
PA,2022-12-01,2022,12,19615.0
PA,2023-01-01,2023,1,21287.0
PA,2023-02-01,2023,2,18961.0
PA,2023-03-01,2023,3,21088.0
PA,2023-04-01,2023,4,20663.0
PA,2023-05-01,2023,5,23220.0
PA,2023-06-01,2023,6,22366.0
PA,2023-07-01,2023,7,23733.0
PA,2023-08-01,2023,8,23578.0
PA,2023-09-01,2023,9,21350.0
PA,2023-10-01,2023,10,21556.0
PA,2023-11-01,2023,11,19672.0
PA,2023-12-01,2023,12,19216.0
PA,2024-01-01,2024,1,19685.0
PA,2024-02-01,2024,2,19424.0
PA,2024-03-01,2024,3,21460.0
PA,2024-04-01,2024,4,22830.0
PA,2024-05-01,2024,5,25214.0
PA,2024-06-01,2024,6,24705.0
PA,2024-07-01,2024,7,25855.0
PA,2024-08-01,2024,8,25276.0
PA,2024-09-01,2024,9,24443.0
PA,2024-10-01,2024,10,25346.0
PA,2024-11-01,2024,11,22667.0
PA,2024-12-01,2024,12,20879.0
RI,2015-01-01,2015,1,3309.0
RI,2015-02-01,2015,2,2567.0
RI,2015-03-01,2015,3,3584.0
RI,2015-04-01,2015,4,3835.0
RI,2015-05-01,2015,5,4144.0
RI,2015-06-01,2015,6,3956.0
RI,2015-07-01,2015,7,4485.0
RI,2015-08-01,2015,8,4402.0
RI,2015-09-01,2015,9,4151.0
RI,2015-10-01,2015,10,4059.0
RI,2015-11-01,2015,11,3797.0
RI,2015-12-01,2015,12,4031.0
RI,2016-01-01,2016,1,3527.0
RI,2016-02-01,2016,2,2849.0
RI,2016-03-01,2016,3,3677.0
RI,2016-04-01,2016,4,3360.0
RI,2016-05-01,2016,5,3775.0
RI,2016-06-01,2016,6,4011.0
RI,2016-07-01,2016,7,4004.0
RI,2016-08-01,2016,8,4293.0
RI,2016-09-01,2016,9,3935.0
RI,2016-10-01,2016,10,3919.0
RI,2016-11-01,2016,11,3391.0
RI,2016-12-01,2016,12,3331.0
RI,2017-01-01,2017,1,3459.0
RI,2017-02-01,2017,2,2771.0
RI,2017-03-01,2017,3,3229.0
RI,2017-04-01,2017,4,3555.0
RI,2017-05-01,2017,5,3728.0
RI,2017-06-01,2017,6,3950.0
RI,2017-07-01,2017,7,4125.0
RI,2017-08-01,2017,8,4006.0
RI,2017-09-01,2017,9,4015.0
RI,2017-10-01,2017,10,4056.0
RI,2017-11-01,2017,11,3718.0
RI,2017-12-01,2017,12,3348.0
RI,2018-01-01,2018,1,3265.0
RI,2018-02-01,2018,2,3164.0
RI,2018-03-01,2018,3,3289.0
RI,2018-04-01,2018,4,3304.0
RI,2018-05-01,2018,5,3815.0
RI,2018-06-01,2018,6,3681.0
RI,2018-07-01,2018,7,3851.0
RI,2018-08-01,2018,8,3925.0
RI,2018-09-01,2018,9,3625.0
RI,2018-10-01,2018,10,3601.0
RI,2018-11-01,2018,11,3161.0
RI,2018-12-01,2018,12,3275.0
RI,2019-01-01,2019,1,3237.0
RI,2019-02-01,2019,2,2865.0
RI,2019-03-01,2019,3,2980.0
RI,2019-04-01,2019,4,3077.0
RI,2019-05-01,2019,5,3272.0
RI,2019-06-01,2019,6,3263.0
RI,2019-07-01,2019,7,3561.0
RI,2019-08-01,2019,8,3751.0
RI,2019-09-01,2019,9,3552.0
RI,2019-10-01,2019,10,3679.0
RI,2019-11-01,2019,11,3236.0
RI,2019-12-01,2019,12,3024.0
RI,2020-01-01,2020,1,3103.0
RI,2020-02-01,2020,2,2802.0
RI,2020-03-01,2020,3,2612.0
RI,2020-04-01,2020,4,1995.0
RI,2020-05-01,2020,5,2754.0
RI,2020-06-01,2020,6,3104.0
RI,2020-07-01,2020,7,3284.0
RI,2020-08-01,2020,8,3313.0
RI,2020-09-01,2020,9,3201.0
RI,2020-10-01,2020,10,3282.0
RI,2020-11-01,2020,11,2700.0
RI,2020-12-01,2020,12,2593.0
RI,2021-01-01,2021,1,2739.0
RI,2021-02-01,2021,2,2296.0
RI,2021-03-01,2021,3,2808.0
RI,2021-04-01,2021,4,2699.0
RI,2021-05-01,2021,5,2719.0
RI,2021-06-01,2021,6,2951.0
RI,2021-07-01,2021,7,2977.0
RI,2021-08-01,2021,8,3035.0
RI,2021-09-01,2021,9,2987.0
RI,2021-10-01,2021,10,3286.0
RI,2021-11-01,2021,11,2929.0
RI,2021-12-01,2021,12,2823.0
RI,2022-01-01,2022,1,2613.0
RI,2022-02-01,2022,2,2395.0
RI,2022-03-01,2022,3,2695.0
RI,2022-04-01,2022,4,2787.0
RI,2022-05-01,2022,5,2950.0
RI,2022-06-01,2022,6,2977.0
RI,2022-07-01,2022,7,3212.0
RI,2022-08-01,2022,8,3217.0
RI,2022-09-01,2022,9,2979.0
RI,2022-10-01,2022,10,2987.0
RI,2022-11-01,2022,11,2743.0
RI,2022-12-01,2022,12,2561.0
RI,2023-01-01,2023,1,2635.0
RI,2023-02-01,2023,2,2336.0
RI,2023-03-01,2023,3,2810.0
RI,2023-04-01,2023,4,2747.0
RI,2023-05-01,2023,5,2887.0
RI,2023-06-01,2023,6,2789.0
RI,2023-07-01,2023,7,2913.0
RI,2023-08-01,2023,8,2949.0
RI,2023-09-01,2023,9,2766.0
RI,2023-10-01,2023,10,2882.0
RI,2023-11-01,2023,11,2316.0
RI,2023-12-01,2023,12,2550.0
RI,2024-01-01,2024,1,2267.0
RI,2024-02-01,2024,2,2248.0
RI,2024-03-01,2024,3,2568.0
RI,2024-04-01,2024,4,2479.0
RI,2024-05-01,2024,5,2810.0
RI,2024-06-01,2024,6,2787.0
RI,2024-07-01,2024,7,2653.0
RI,2024-08-01,2024,8,2873.0
RI,2024-09-01,2024,9,2746.0
RI,2024-10-01,2024,10,2746.0
RI,2024-11-01,2024,11,2540.0
RI,2024-12-01,2024,12,2237.0
SC,2015-01-01,2015,1,28067.0
SC,2015-02-01,2015,2,22997.0
SC,2015-03-01,2015,3,28764.0
SC,2015-04-01,2015,4,29065.0
SC,2015-05-01,2015,5,32261.0
SC,2015-06-01,2015,6,30369.0
SC,2015-07-01,2015,7,31678.0
SC,2015-08-01,2015,8,31501.0
SC,2015-09-01,2015,9,30554.0
SC,2015-10-01,2015,10,30154.0
SC,2015-11-01,2015,11,28242.0
SC,2015-12-01,2015,12,30538.0
SC,2016-01-01,2016,1,28226.0
SC,2016-02-01,2016,2,25417.0
SC,2016-03-01,2016,3,29393.0
SC,2016-04-01,2016,4,29703.0
SC,2016-05-01,2016,5,31589.0
SC,2016-06-01,2016,6,30886.0
SC,2016-07-01,2016,7,30881.0
SC,2016-08-01,2016,8,30495.0
SC,2016-09-01,2016,9,28648.0
SC,2016-10-01,2016,10,29015.0
SC,2016-11-01,2016,11,27472.0
SC,2016-12-01,2016,12,28433.0
SC,2017-01-01,2017,1,29724.0
SC,2017-02-01,2017,2,26030.0
SC,2017-03-01,2017,3,28516.0
SC,2017-04-01,2017,4,29007.0
SC,2017-05-01,2017,5,30864.0
SC,2017-06-01,2017,6,29824.0
SC,2017-07-01,2017,7,30478.0
SC,2017-08-01,2017,8,29954.0
SC,2017-09-01,2017,9,29725.0
SC,2017-10-01,2017,10,28902.0
SC,2017-11-01,2017,11,27680.0
SC,2017-12-01,2017,12,25911.0
SC,2018-01-01,2018,1,25881.0
SC,2018-02-01,2018,2,25517.0
SC,2018-03-01,2018,3,28829.0
SC,2018-04-01,2018,4,28342.0
SC,2018-05-01,2018,5,30623.0
SC,2018-06-01,2018,6,29142.0
SC,2018-07-01,2018,7,30667.0
SC,2018-08-01,2018,8,31106.0
SC,2018-09-01,2018,9,28225.0
SC,2018-10-01,2018,10,29160.0
SC,2018-11-01,2018,11,27284.0
SC,2018-12-01,2018,12,27445.0
SC,2019-01-01,2019,1,27275.0
SC,2019-02-01,2019,2,24971.0
SC,2019-03-01,2019,3,26924.0
SC,2019-04-01,2019,4,27396.0
SC,2019-05-01,2019,5,30474.0
SC,2019-06-01,2019,6,28911.0
SC,2019-07-01,2019,7,30038.0
SC,2019-08-01,2019,8,28814.0
SC,2019-09-01,2019,9,28180.0
SC,2019-10-01,2019,10,27925.0
SC,2019-11-01,2019,11,25281.0
SC,2019-12-01,2019,12,26494.0
SC,2020-01-01,2020,1,28094.0
SC,2020-02-01,2020,2,25132.0
SC,2020-03-01,2020,3,25994.0
SC,2020-04-01,2020,4,23134.0
SC,2020-05-01,2020,5,27384.0
SC,2020-06-01,2020,6,26780.0
SC,2020-07-01,2020,7,27237.0
SC,2020-08-01,2020,8,27164.0
SC,2020-09-01,2020,9,26206.0
SC,2020-10-01,2020,10,27679.0
SC,2020-11-01,2020,11,25524.0
SC,2020-12-01,2020,12,25030.0
SC,2021-01-01,2021,1,25760.0
SC,2021-02-01,2021,2,23195.0
SC,2021-03-01,2021,3,25527.0
SC,2021-04-01,2021,4,24871.0
SC,2021-05-01,2021,5,27272.0
SC,2021-06-01,2021,6,26413.0
SC,2021-07-01,2021,7,27475.0
SC,2021-08-01,2021,8,26115.0
SC,2021-09-01,2021,9,26119.0
SC,2021-10-01,2021,10,26407.0
SC,2021-11-01,2021,11,24195.0
SC,2021-12-01,2021,12,24270.0
SC,2022-01-01,2022,1,23379.0
SC,2022-02-01,2022,2,21107.0
SC,2022-03-01,2022,3,26769.0
SC,2022-04-01,2022,4,25786.0
SC,2022-05-01,2022,5,27789.0
SC,2022-06-01,2022,6,25844.0
SC,2022-07-01,2022,7,26326.0
SC,2022-08-01,2022,8,26795.0
SC,2022-09-01,2022,9,25701.0
SC,2022-10-01,2022,10,26018.0
SC,2022-11-01,2022,11,24102.0
SC,2022-12-01,2022,12,23939.0
SC,2023-01-01,2023,1,26302.0
SC,2023-02-01,2023,2,23389.0
SC,2023-03-01,2023,3,25387.0
SC,2023-04-01,2023,4,24663.0
SC,2023-05-01,2023,5,26409.0
SC,2023-06-01,2023,6,24963.0
SC,2023-07-01,2023,7,25383.0
SC,2023-08-01,2023,8,25390.0
SC,2023-09-01,2023,9,24746.0
SC,2023-10-01,2023,10,24833.0
SC,2023-11-01,2023,11,21926.0
SC,2023-12-01,2023,12,21328.0
SC,2024-01-01,2024,1,22585.0
SC,2024-02-01,2024,2,22134.0
SC,2024-03-01,2024,3,22785.0
SC,2024-04-01,2024,4,23488.0
SC,2024-05-01,2024,5,25316.0
SC,2024-06-01,2024,6,23450.0
SC,2024-07-01,2024,7,23854.0
SC,2024-08-01,2024,8,24070.0
SC,2024-09-01,2024,9,23767.0
SC,2024-10-01,2024,10,23198.0
SC,2024-11-01,2024,11,21461.0
SC,2024-12-01,2024,12,20973.0
SD,2015-01-01,2015,1,2885.0
SD,2015-02-01,2015,2,2565.0
SD,2015-03-01,2015,3,3346.0
SD,2015-04-01,2015,4,3407.0
SD,2015-05-01,2015,5,3385.0
SD,2015-06-01,2015,6,3381.0
SD,2015-07-01,2015,7,3769.0
SD,2015-08-01,2015,8,3837.0
SD,2015-09-01,2015,9,3575.0
SD,2015-10-01,2015,10,3548.0
SD,2015-11-01,2015,11,3161.0
SD,2015-12-01,2015,12,3234.0
SD,2016-01-01,2016,1,3158.0
SD,2016-02-01,2016,2,3007.0
SD,2016-03-01,2016,3,3526.0
SD,2016-04-01,2016,4,3702.0
SD,2016-05-01,2016,5,3789.0
SD,2016-06-01,2016,6,3680.0
SD,2016-07-01,2016,7,3985.0
SD,2016-08-01,2016,8,4051.0
SD,2016-09-01,2016,9,3649.0
SD,2016-10-01,2016,10,3706.0
SD,2016-11-01,2016,11,3185.0
SD,2016-12-01,2016,12,2898.0
SD,2017-01-01,2017,1,3000.0
SD,2017-02-01,2017,2,2978.0
SD,2017-03-01,2017,3,3454.0
SD,2017-04-01,2017,4,3334.0
SD,2017-05-01,2017,5,3540.0
SD,2017-06-01,2017,6,3631.0
SD,2017-07-01,2017,7,3794.0
SD,2017-08-01,2017,8,4069.0
SD,2017-09-01,2017,9,3639.0
SD,2017-10-01,2017,10,3548.0
SD,2017-11-01,2017,11,3383.0
SD,2017-12-01,2017,12,3284.0
SD,2018-01-01,2018,1,3137.0
SD,2018-02-01,2018,2,2761.0
SD,2018-03-01,2018,3,3287.0
SD,2018-04-01,2018,4,3236.0
SD,2018-05-01,2018,5,3720.0
SD,2018-06-01,2018,6,3671.0
SD,2018-07-01,2018,7,3884.0
SD,2018-08-01,2018,8,4082.0
SD,2018-09-01,2018,9,3607.0
SD,2018-10-01,2018,10,3531.0
SD,2018-11-01,2018,11,3263.0
SD,2018-12-01,2018,12,3125.0
SD,2019-01-01,2019,1,3189.0
SD,2019-02-01,2019,2,2782.0
SD,2019-03-01,2019,3,3219.0
SD,2019-04-01,2019,4,3437.0
SD,2019-05-01,2019,5,3847.0
SD,2019-06-01,2019,6,3799.0
SD,2019-07-01,2019,7,3808.0
SD,2019-08-01,2019,8,4235.0
SD,2019-09-01,2019,9,3944.0
SD,2019-10-01,2019,10,3832.0
SD,2019-11-01,2019,11,3453.0
SD,2019-12-01,2019,12,3404.0
SD,2020-01-01,2020,1,3410.0
SD,2020-02-01,2020,2,3138.0
SD,2020-03-01,2020,3,3260.0
SD,2020-04-01,2020,4,3044.0
SD,2020-05-01,2020,5,3694.0
SD,2020-06-01,2020,6,3757.0
SD,2020-07-01,2020,7,3994.0
SD,2020-08-01,2020,8,4335.0
SD,2020-09-01,2020,9,3931.0
SD,2020-10-01,2020,10,3630.0
SD,2020-11-01,2020,11,3460.0
SD,2020-12-01,2020,12,3496.0
SD,2021-01-01,2021,1,3527.0
SD,2021-02-01,2021,2,3201.0
SD,2021-03-01,2021,3,3519.0
SD,2021-04-01,2021,4,3495.0
SD,2021-05-01,2021,5,3874.0
SD,2021-06-01,2021,6,3592.0
SD,2021-07-01,2021,7,3320.0
SD,2021-08-01,2021,8,3526.0
SD,2021-09-01,2021,9,3439.0
SD,2021-10-01,2021,10,3663.0
SD,2021-11-01,2021,11,3184.0
SD,2021-12-01,2021,12,3062.0
SD,2022-01-01,2022,1,3267.0
SD,2022-02-01,2022,2,3190.0
SD,2022-03-01,2022,3,3527.0
SD,2022-04-01,2022,4,3120.0
SD,2022-05-01,2022,5,3902.0
SD,2022-06-01,2022,6,3635.0
SD,2022-07-01,2022,7,4001.0
SD,2022-08-01,2022,8,4023.0
SD,2022-09-01,2022,9,3698.0
SD,2022-10-01,2022,10,2970.0
SD,2022-11-01,2022,11,3167.0
SD,2022-12-01,2022,12,2620.0
SD,2023-01-01,2023,1,3154.0
SD,2023-02-01,2023,2,2729.0
SD,2023-03-01,2023,3,3350.0
SD,2023-04-01,2023,4,3204.0
SD,2023-05-01,2023,5,3871.0
SD,2023-06-01,2023,6,3625.0
SD,2023-07-01,2023,7,3970.0
SD,2023-08-01,2023,8,4114.0
SD,2023-09-01,2023,9,3564.0
SD,2023-10-01,2023,10,3442.0
SD,2023-11-01,2023,11,3097.0
SD,2023-12-01,2023,12,3067.0
SD,2024-01-01,2024,1,3169.0
SD,2024-02-01,2024,2,3280.0
SD,2024-03-01,2024,3,3411.0
SD,2024-04-01,2024,4,3407.0
SD,2024-05-01,2024,5,3707.0
SD,2024-06-01,2024,6,3536.0
SD,2024-07-01,2024,7,3911.0
SD,2024-08-01,2024,8,3915.0
SD,2024-09-01,2024,9,3547.0
SD,2024-10-01,2024,10,3609.0
SD,2024-11-01,2024,11,2919.0
SD,2024-12-01,2024,12,2825.0
TN,2015-01-01,2015,1,36405.0
TN,2015-02-01,2015,2,28018.0
TN,2015-03-01,2015,3,36810.0
TN,2015-04-01,2015,4,39575.0
TN,2015-05-01,2015,5,41705.0
TN,2015-06-01,2015,6,40354.0
TN,2015-07-01,2015,7,42248.0
TN,2015-08-01,2015,8,41967.0
TN,2015-09-01,2015,9,40050.0
TN,2015-10-01,2015,10,40054.0
TN,2015-11-01,2015,11,37976.0
TN,2015-12-01,2015,12,40550.0
TN,2016-01-01,2016,1,36388.0
TN,2016-02-01,2016,2,33667.0
TN,2016-03-01,2016,3,39030.0
TN,2016-04-01,2016,4,40089.0
TN,2016-05-01,2016,5,40896.0
TN,2016-06-01,2016,6,39933.0
TN,2016-07-01,2016,7,40635.0
TN,2016-08-01,2016,8,41435.0
TN,2016-09-01,2016,9,40105.0
TN,2016-10-01,2016,10,40433.0
TN,2016-11-01,2016,11,36723.0
TN,2016-12-01,2016,12,37243.0
TN,2017-01-01,2017,1,39385.0
TN,2017-02-01,2017,2,35135.0
TN,2017-03-01,2017,3,38612.0
TN,2017-04-01,2017,4,39235.0
TN,2017-05-01,2017,5,42340.0
TN,2017-06-01,2017,6,41940.0
TN,2017-07-01,2017,7,42988.0
TN,2017-08-01,2017,8,42054.0
TN,2017-09-01,2017,9,40719.0
TN,2017-10-01,2017,10,41023.0
TN,2017-11-01,2017,11,38295.0
TN,2017-12-01,2017,12,37471.0
TN,2018-01-01,2018,1,37141.0
TN,2018-02-01,2018,2,34480.0
TN,2018-03-01,2018,3,38966.0
TN,2018-04-01,2018,4,38046.0
TN,2018-05-01,2018,5,41848.0
TN,2018-06-01,2018,6,40829.0
TN,2018-07-01,2018,7,42186.0
TN,2018-08-01,2018,8,41727.0
TN,2018-09-01,2018,9,39379.0
TN,2018-10-01,2018,10,38801.0
TN,2018-11-01,2018,11,34616.0
TN,2018-12-01,2018,12,36518.0
TN,2019-01-01,2019,1,36818.0
TN,2019-02-01,2019,2,32048.0
TN,2019-03-01,2019,3,35386.0
TN,2019-04-01,2019,4,37349.0
TN,2019-05-01,2019,5,39745.0
TN,2019-06-01,2019,6,38492.0
TN,2019-07-01,2019,7,40161.0
TN,2019-08-01,2019,8,39717.0
TN,2019-09-01,2019,9,38206.0
TN,2019-10-01,2019,10,37023.0
TN,2019-11-01,2019,11,33463.0
TN,2019-12-01,2019,12,35474.0
TN,2020-01-01,2020,1,36221.0
TN,2020-02-01,2020,2,32577.0
TN,2020-03-01,2020,3,32308.0
TN,2020-04-01,2020,4,29706.0
TN,2020-05-01,2020,5,35234.0
TN,2020-06-01,2020,6,36308.0
TN,2020-07-01,2020,7,37704.0
TN,2020-08-01,2020,8,37796.0
TN,2020-09-01,2020,9,36120.0
TN,2020-10-01,2020,10,36793.0
TN,2020-11-01,2020,11,33421.0
TN,2020-12-01,2020,12,33889.0
TN,2021-01-01,2021,1,34250.0
TN,2021-02-01,2021,2,28667.0
TN,2021-03-01,2021,3,33933.0
TN,2021-04-01,2021,4,33486.0
TN,2021-05-01,2021,5,36037.0
TN,2021-06-01,2021,6,34625.0
TN,2021-07-01,2021,7,36922.0
TN,2021-08-01,2021,8,34951.0
TN,2021-09-01,2021,9,33736.0
TN,2021-10-01,2021,10,35860.0
TN,2021-11-01,2021,11,31932.0
TN,2021-12-01,2021,12,33348.0
TN,2022-01-01,2022,1,32154.0
TN,2022-02-01,2022,2,30289.0
TN,2022-03-01,2022,3,34028.0
TN,2022-04-01,2022,4,34109.0
TN,2022-05-01,2022,5,35780.0
TN,2022-06-01,2022,6,34672.0
TN,2022-07-01,2022,7,36596.0
TN,2022-08-01,2022,8,36221.0
TN,2022-09-01,2022,9,35396.0
TN,2022-10-01,2022,10,34989.0
TN,2022-11-01,2022,11,32108.0
TN,2022-12-01,2022,12,33207.0
TN,2023-01-01,2023,1,34379.0
TN,2023-02-01,2023,2,30998.0
TN,2023-03-01,2023,3,34243.0
TN,2023-04-01,2023,4,34356.0
TN,2023-05-01,2023,5,37415.0
TN,2023-06-01,2023,6,36135.0
TN,2023-07-01,2023,7,36028.0
TN,2023-08-01,2023,8,36632.0
TN,2023-09-01,2023,9,34825.0
TN,2023-10-01,2023,10,34511.0
TN,2023-11-01,2023,11,31610.0
TN,2023-12-01,2023,12,31629.0
TN,2024-01-01,2024,1,29109.0
TN,2024-02-01,2024,2,31278.0
TN,2024-03-01,2024,3,32199.0
TN,2024-04-01,2024,4,32925.0
TN,2024-05-01,2024,5,34590.0
TN,2024-06-01,2024,6,33633.0
TN,2024-07-01,2024,7,33365.0
TN,2024-08-01,2024,8,33093.0
TN,2024-09-01,2024,9,32085.0
TN,2024-10-01,2024,10,31354.0
TN,2024-11-01,2024,11,28774.0
TN,2024-12-01,2024,12,28758.0
TX,2015-01-01,2015,1,16754.0
TX,2015-02-01,2015,2,13578.0
TX,2015-03-01,2015,3,16234.0
TX,2015-04-01,2015,4,16809.0
TX,2015-05-01,2015,5,17514.0
TX,2015-06-01,2015,6,16921.0
TX,2015-07-01,2015,7,17597.0
TX,2015-08-01,2015,8,17535.0
TX,2015-09-01,2015,9,16775.0
TX,2015-10-01,2015,10,17342.0
TX,2015-11-01,2015,11,15969.0
TX,2015-12-01,2015,12,17185.0
TX,2016-01-01,2016,1,16955.0
TX,2016-02-01,2016,2,15212.0
TX,2016-03-01,2016,3,16759.0
TX,2016-04-01,2016,4,17094.0
TX,2016-05-01,2016,5,17968.0
TX,2016-06-01,2016,6,17342.0
TX,2016-07-01,2016,7,17863.0
TX,2016-08-01,2016,8,17924.0
TX,2016-09-01,2016,9,17281.0
TX,2016-10-01,2016,10,17465.0
TX,2016-11-01,2016,11,16802.0
TX,2016-12-01,2016,12,17222.0
TX,2017-01-01,2017,1,20947.0
TX,2017-02-01,2017,2,19001.0
TX,2017-03-01,2017,3,21173.0
TX,2017-04-01,2017,4,21204.0
TX,2017-05-01,2017,5,23359.0
TX,2017-06-01,2017,6,22773.0
TX,2017-07-01,2017,7,23321.0
TX,2017-08-01,2017,8,22872.0
TX,2017-09-01,2017,9,22627.0
TX,2017-10-01,2017,10,23721.0
TX,2017-11-01,2017,11,24529.0
TX,2017-12-01,2017,12,24045.0
TX,2018-01-01,2018,1,27301.0
TX,2018-02-01,2018,2,25560.0
TX,2018-03-01,2018,3,37734.0
TX,2018-04-01,2018,4,38195.0
TX,2018-05-01,2018,5,40797.0
TX,2018-06-01,2018,6,57822.0
TX,2018-07-01,2018,7,58027.0
TX,2018-08-01,2018,8,59936.0
TX,2018-09-01,2018,9,57044.0
TX,2018-10-01,2018,10,57207.0
TX,2018-11-01,2018,11,55291.0
TX,2018-12-01,2018,12,57789.0
TX,2019-01-01,2019,1,67288.0
TX,2019-02-01,2019,2,61377.0
TX,2019-03-01,2019,3,69257.0
TX,2019-04-01,2019,4,70223.0
TX,2019-05-01,2019,5,78706.0
TX,2019-06-01,2019,6,74228.0
TX,2019-07-01,2019,7,79165.0
TX,2019-08-01,2019,8,81886.0
TX,2019-09-01,2019,9,82246.0
TX,2019-10-01,2019,10,84524.0
TX,2019-11-01,2019,11,80946.0
TX,2019-12-01,2019,12,85139.0
TX,2020-01-01,2020,1,89627.0
TX,2020-02-01,2020,2,91541.0
TX,2020-03-01,2020,3,92105.0
TX,2020-04-01,2020,4,83022.0
TX,2020-05-01,2020,5,96232.0
TX,2020-06-01,2020,6,95943.0
TX,2020-07-01,2020,7,96741.0
TX,2020-08-01,2020,8,103354.0
TX,2020-09-01,2020,9,99414.0
TX,2020-10-01,2020,10,105510.0
TX,2020-11-01,2020,11,112388.0
TX,2020-12-01,2020,12,115015.0
TX,2021-01-01,2021,1,120341.0
TX,2021-02-01,2021,2,102095.0
TX,2021-03-01,2021,3,126499.0
TX,2021-04-01,2021,4,125744.0
TX,2021-05-01,2021,5,127384.0
TX,2021-06-01,2021,6,122528.0
TX,2021-07-01,2021,7,126451.0
TX,2021-08-01,2021,8,126159.0
TX,2021-09-01,2021,9,124468.0
TX,2021-10-01,2021,10,130638.0
TX,2021-11-01,2021,11,122543.0
TX,2021-12-01,2021,12,126615.0
TX,2022-01-01,2022,1,124090.0
TX,2022-02-01,2022,2,114774.0
TX,2022-03-01,2022,3,131971.0
TX,2022-04-01,2022,4,133075.0
TX,2022-05-01,2022,5,137616.0
TX,2022-06-01,2022,6,128945.0
TX,2022-07-01,2022,7,132020.0
TX,2022-08-01,2022,8,130000.0
TX,2022-09-01,2022,9,127888.0
TX,2022-10-01,2022,10,130090.0
TX,2022-11-01,2022,11,116748.0
TX,2022-12-01,2022,12,120621.0
TX,2023-01-01,2023,1,126756.0
TX,2023-02-01,2023,2,115610.0
TX,2023-03-01,2023,3,129009.0
TX,2023-04-01,2023,4,126522.0
TX,2023-05-01,2023,5,130278.0
TX,2023-06-01,2023,6,127488.0
TX,2023-07-01,2023,7,130631.0
TX,2023-08-01,2023,8,128044.0
TX,2023-09-01,2023,9,126388.0
TX,2023-10-01,2023,10,128591.0
TX,2023-11-01,2023,11,119454.0
TX,2023-12-01,2023,12,120989.0
TX,2024-01-01,2024,1,121085.0
TX,2024-02-01,2024,2,118998.0
TX,2024-03-01,2024,3,124912.0
TX,2024-04-01,2024,4,127221.0
TX,2024-05-01,2024,5,130290.0
TX,2024-06-01,2024,6,121452.0
TX,2024-07-01,2024,7,121884.0
TX,2024-08-01,2024,8,124353.0
TX,2024-09-01,2024,9,121182.0
TX,2024-10-01,2024,10,123715.0
TX,2024-11-01,2024,11,114190.0
TX,2024-12-01,2024,12,114741.0
UT,2015-01-01,2015,1,12596.0
UT,2015-02-01,2015,2,11588.0
UT,2015-03-01,2015,3,12801.0
UT,2015-04-01,2015,4,12283.0
UT,2015-05-01,2015,5,13088.0
UT,2015-06-01,2015,6,13240.0
UT,2015-07-01,2015,7,14010.0
UT,2015-08-01,2015,8,14185.0
UT,2015-09-01,2015,9,13914.0
UT,2015-10-01,2015,10,13872.0
UT,2015-11-01,2015,11,13108.0
UT,2015-12-01,2015,12,12860.0
UT,2016-01-01,2016,1,12167.0
UT,2016-02-01,2016,2,11942.0
UT,2016-03-01,2016,3,12743.0
UT,2016-04-01,2016,4,13344.0
UT,2016-05-01,2016,5,13950.0
UT,2016-06-01,2016,6,13856.0
UT,2016-07-01,2016,7,13580.0
UT,2016-08-01,2016,8,13254.0
UT,2016-09-01,2016,9,13318.0
UT,2016-10-01,2016,10,14194.0
UT,2016-11-01,2016,11,12776.0
UT,2016-12-01,2016,12,12853.0
UT,2017-01-01,2017,1,12321.0
UT,2017-02-01,2017,2,11900.0
UT,2017-03-01,2017,3,13034.0
UT,2017-04-01,2017,4,12455.0
UT,2017-05-01,2017,5,13032.0
UT,2017-06-01,2017,6,12800.0
UT,2017-07-01,2017,7,13414.0
UT,2017-08-01,2017,8,13892.0
UT,2017-09-01,2017,9,13234.0
UT,2017-10-01,2017,10,13362.0
UT,2017-11-01,2017,11,12376.0
UT,2017-12-01,2017,12,12069.0
UT,2018-01-01,2018,1,12775.0
UT,2018-02-01,2018,2,10490.0
UT,2018-03-01,2018,3,11810.0
UT,2018-04-01,2018,4,11488.0
UT,2018-05-01,2018,5,12315.0
UT,2018-06-01,2018,6,12087.0
UT,2018-07-01,2018,7,12669.0
UT,2018-08-01,2018,8,12083.0
UT,2018-09-01,2018,9,11335.0
UT,2018-10-01,2018,10,12395.0
UT,2018-11-01,2018,11,11580.0
UT,2018-12-01,2018,12,11160.0
UT,2019-01-01,2019,1,10675.0
UT,2019-02-01,2019,2,9778.0
UT,2019-03-01,2019,3,11417.0
UT,2019-04-01,2019,4,11419.0
UT,2019-05-01,2019,5,12245.0
UT,2019-06-01,2019,6,11864.0
UT,2019-07-01,2019,7,12291.0
UT,2019-08-01,2019,8,11845.0
UT,2019-09-01,2019,9,11796.0
UT,2019-10-01,2019,10,12196.0
UT,2019-11-01,2019,11,11484.0
UT,2019-12-01,2019,12,11604.0
UT,2020-01-01,2020,1,12130.0
UT,2020-02-01,2020,2,11267.0
UT,2020-03-01,2020,3,11524.0
UT,2020-04-01,2020,4,10593.0
UT,2020-05-01,2020,5,12301.0
UT,2020-06-01,2020,6,12259.0
UT,2020-07-01,2020,7,13396.0
UT,2020-08-01,2020,8,14262.0
UT,2020-09-01,2020,9,14884.0
UT,2020-10-01,2020,10,14639.0
UT,2020-11-01,2020,11,13445.0
UT,2020-12-01,2020,12,13489.0
UT,2021-01-01,2021,1,12980.0
UT,2021-02-01,2021,2,12414.0
UT,2021-03-01,2021,3,13733.0
UT,2021-04-01,2021,4,13326.0
UT,2021-05-01,2021,5,14046.0
UT,2021-06-01,2021,6,13358.0
UT,2021-07-01,2021,7,13527.0
UT,2021-08-01,2021,8,14123.0
UT,2021-09-01,2021,9,13851.0
UT,2021-10-01,2021,10,13496.0
UT,2021-11-01,2021,11,12870.0
UT,2021-12-01,2021,12,11917.0
UT,2022-01-01,2022,1,12404.0
UT,2022-02-01,2022,2,11880.0
UT,2022-03-01,2022,3,13662.0
UT,2022-04-01,2022,4,12881.0
UT,2022-05-01,2022,5,13865.0
UT,2022-06-01,2022,6,12797.0
UT,2022-07-01,2022,7,14275.0
UT,2022-08-01,2022,8,14033.0
UT,2022-09-01,2022,9,14121.0
UT,2022-10-01,2022,10,13877.0
UT,2022-11-01,2022,11,12175.0
UT,2022-12-01,2022,12,12012.0
UT,2023-01-01,2023,1,12146.0
UT,2023-02-01,2023,2,11263.0
UT,2023-03-01,2023,3,12488.0
UT,2023-04-01,2023,4,12418.0
UT,2023-05-01,2023,5,13204.0
UT,2023-06-01,2023,6,12499.0
UT,2023-07-01,2023,7,12712.0
UT,2023-08-01,2023,8,13251.0
UT,2023-09-01,2023,9,12687.0
UT,2023-10-01,2023,10,12443.0
UT,2023-11-01,2023,11,11784.0
UT,2023-12-01,2023,12,11130.0
UT,2024-01-01,2024,1,11622.0
UT,2024-02-01,2024,2,11214.0
UT,2024-03-01,2024,3,11650.0
UT,2024-04-01,2024,4,11484.0
UT,2024-05-01,2024,5,12190.0
UT,2024-06-01,2024,6,11807.0
UT,2024-07-01,2024,7,12577.0
UT,2024-08-01,2024,8,12459.0
UT,2024-09-01,2024,9,12721.0
UT,2024-10-01,2024,10,12540.0
UT,2024-11-01,2024,11,11300.0
UT,2024-12-01,2024,12,10988.0
VA,2015-01-01,2015,1,31807.0
VA,2015-02-01,2015,2,25536.0
VA,2015-03-01,2015,3,31729.0
VA,2015-04-01,2015,4,33694.0
VA,2015-05-01,2015,5,35348.0
VA,2015-06-01,2015,6,34796.0
VA,2015-07-01,2015,7,36487.0
VA,2015-08-01,2015,8,36069.0
VA,2015-09-01,2015,9,34134.0
VA,2015-10-01,2015,10,35542.0
VA,2015-11-01,2015,11,33486.0
VA,2015-12-01,2015,12,36214.0
VA,2016-01-01,2016,1,29940.0
VA,2016-02-01,2016,2,28770.0
VA,2016-03-01,2016,3,33487.0
VA,2016-04-01,2016,4,33726.0
VA,2016-05-01,2016,5,34966.0
VA,2016-06-01,2016,6,33156.0
VA,2016-07-01,2016,7,34896.0
VA,2016-08-01,2016,8,35800.0
VA,2016-09-01,2016,9,33558.0
VA,2016-10-01,2016,10,34891.0
VA,2016-11-01,2016,11,32062.0
VA,2016-12-01,2016,12,33431.0
VA,2017-01-01,2017,1,32588.0
VA,2017-02-01,2017,2,30063.0
VA,2017-03-01,2017,3,32168.0
VA,2017-04-01,2017,4,32201.0
VA,2017-05-01,2017,5,33310.0
VA,2017-06-01,2017,6,34552.0
VA,2017-07-01,2017,7,34782.0
VA,2017-08-01,2017,8,35741.0
VA,2017-09-01,2017,9,33944.0
VA,2017-10-01,2017,10,34685.0
VA,2017-11-01,2017,11,31206.0
VA,2017-12-01,2017,12,32197.0
VA,2018-01-01,2018,1,30361.0
VA,2018-02-01,2018,2,29590.0
VA,2018-03-01,2018,3,31134.0
VA,2018-04-01,2018,4,31340.0
VA,2018-05-01,2018,5,33652.0
VA,2018-06-01,2018,6,32568.0
VA,2018-07-01,2018,7,34070.0
VA,2018-08-01,2018,8,34030.0
VA,2018-09-01,2018,9,31345.0
VA,2018-10-01,2018,10,33448.0
VA,2018-11-01,2018,11,30135.0
VA,2018-12-01,2018,12,30803.0
VA,2019-01-01,2019,1,30747.0
VA,2019-02-01,2019,2,27489.0
VA,2019-03-01,2019,3,30214.0
VA,2019-04-01,2019,4,31090.0
VA,2019-05-01,2019,5,33592.0
VA,2019-06-01,2019,6,32399.0
VA,2019-07-01,2019,7,32858.0
VA,2019-08-01,2019,8,33306.0
VA,2019-09-01,2019,9,32763.0
VA,2019-10-01,2019,10,33032.0
VA,2019-11-01,2019,11,30146.0
VA,2019-12-01,2019,12,32360.0
VA,2020-01-01,2020,1,32539.0
VA,2020-02-01,2020,2,30091.0
VA,2020-03-01,2020,3,29094.0
VA,2020-04-01,2020,4,24402.0
VA,2020-05-01,2020,5,28448.0
VA,2020-06-01,2020,6,28000.0
VA,2020-07-01,2020,7,29442.0
VA,2020-08-01,2020,8,29404.0
VA,2020-09-01,2020,9,28718.0
VA,2020-10-01,2020,10,29610.0
VA,2020-11-01,2020,11,27157.0
VA,2020-12-01,2020,12,27747.0
VA,2021-01-01,2021,1,26377.0
VA,2021-02-01,2021,2,22659.0
VA,2021-03-01,2021,3,26356.0
VA,2021-04-01,2021,4,26221.0
VA,2021-05-01,2021,5,28400.0
VA,2021-06-01,2021,6,28148.0
VA,2021-07-01,2021,7,27793.0
VA,2021-08-01,2021,8,28554.0
VA,2021-09-01,2021,9,28633.0
VA,2021-10-01,2021,10,30245.0
VA,2021-11-01,2021,11,28254.0
VA,2021-12-01,2021,12,28934.0
VA,2022-01-01,2022,1,26141.0
VA,2022-02-01,2022,2,27141.0
VA,2022-03-01,2022,3,30839.0
VA,2022-04-01,2022,4,29974.0
VA,2022-05-01,2022,5,31800.0
VA,2022-06-01,2022,6,30783.0
VA,2022-07-01,2022,7,31575.0
VA,2022-08-01,2022,8,32154.0
VA,2022-09-01,2022,9,31354.0
VA,2022-10-01,2022,10,31393.0
VA,2022-11-01,2022,11,28893.0
VA,2022-12-01,2022,12,29402.0
VA,2023-01-01,2023,1,30576.0
VA,2023-02-01,2023,2,28006.0
VA,2023-03-01,2023,3,30805.0
VA,2023-04-01,2023,4,30656.0
VA,2023-05-01,2023,5,32859.0
VA,2023-06-01,2023,6,30561.0
VA,2023-07-01,2023,7,31390.0
VA,2023-08-01,2023,8,31867.0
VA,2023-09-01,2023,9,29776.0
VA,2023-10-01,2023,10,31011.0
VA,2023-11-01,2023,11,27816.0
VA,2023-12-01,2023,12,28120.0
VA,2024-01-01,2024,1,28815.0
VA,2024-02-01,2024,2,27755.0
VA,2024-03-01,2024,3,29331.0
VA,2024-04-01,2024,4,29319.0
VA,2024-05-01,2024,5,29761.0
VA,2024-06-01,2024,6,30249.0
VA,2024-07-01,2024,7,29995.0
VA,2024-08-01,2024,8,28206.0
VA,2024-09-01,2024,9,29831.0
VA,2024-10-01,2024,10,29681.0
VA,2024-11-01,2024,11,26724.0
VA,2024-12-01,2024,12,24304.0
VT,2015-01-01,2015,1,1187.0
VT,2015-02-01,2015,2,996.0
VT,2015-03-01,2015,3,1133.0
VT,2015-04-01,2015,4,1093.0
VT,2015-05-01,2015,5,1325.0
VT,2015-06-01,2015,6,1372.0
VT,2015-07-01,2015,7,1777.0
VT,2015-08-01,2015,8,1817.0
VT,2015-09-01,2015,9,1586.0
VT,2015-10-01,2015,10,1582.0
VT,2015-11-01,2015,11,1635.0
VT,2015-12-01,2015,12,1602.0
VT,2016-01-01,2016,1,1407.0
VT,2016-02-01,2016,2,1287.0
VT,2016-03-01,2016,3,1488.0
VT,2016-04-01,2016,4,1549.0
VT,2016-05-01,2016,5,1537.0
VT,2016-06-01,2016,6,1555.0
VT,2016-07-01,2016,7,1909.0
VT,2016-08-01,2016,8,1917.0
VT,2016-09-01,2016,9,1632.0
VT,2016-10-01,2016,10,1633.0
VT,2016-11-01,2016,11,1167.0
VT,2016-12-01,2016,12,723.0
VT,2017-01-01,2017,1,1264.0
VT,2017-02-01,2017,2,1247.0
VT,2017-03-01,2017,3,1356.0
VT,2017-04-01,2017,4,1588.0
VT,2017-05-01,2017,5,1779.0
VT,2017-06-01,2017,6,1618.0
VT,2017-07-01,2017,7,1805.0
VT,2017-08-01,2017,8,1813.0
VT,2017-09-01,2017,9,1830.0
VT,2017-10-01,2017,10,1827.0
VT,2017-11-01,2017,11,1480.0
VT,2017-12-01,2017,12,1430.0
VT,2018-01-01,2018,1,1284.0
VT,2018-02-01,2018,2,1238.0
VT,2018-03-01,2018,3,1367.0
VT,2018-04-01,2018,4,1242.0
VT,2018-05-01,2018,5,1366.0
VT,2018-06-01,2018,6,1536.0
VT,2018-07-01,2018,7,1585.0
VT,2018-08-01,2018,8,1692.0
VT,2018-09-01,2018,9,1721.0
VT,2018-10-01,2018,10,1636.0
VT,2018-11-01,2018,11,1422.0
VT,2018-12-01,2018,12,1410.0
VT,2019-01-01,2019,1,1318.0
VT,2019-02-01,2019,2,1192.0
VT,2019-03-01,2019,3,1401.0
VT,2019-04-01,2019,4,1495.0
VT,2019-05-01,2019,5,1684.0
VT,2019-06-01,2019,6,1628.0
VT,2019-07-01,2019,7,1961.0
VT,2019-08-01,2019,8,1859.0
VT,2019-09-01,2019,9,1791.0
VT,2019-10-01,2019,10,1691.0
VT,2019-11-01,2019,11,1374.0
VT,2019-12-01,2019,12,1336.0
VT,2020-01-01,2020,1,1431.0
VT,2020-02-01,2020,2,1209.0
VT,2020-03-01,2020,3,1203.0
VT,2020-04-01,2020,4,1192.0
VT,2020-05-01,2020,5,1392.0
VT,2020-06-01,2020,6,1432.0
VT,2020-07-01,2020,7,1603.0
VT,2020-08-01,2020,8,1677.0
VT,2020-09-01,2020,9,1717.0
VT,2020-10-01,2020,10,1502.0
VT,2020-11-01,2020,11,1305.0
VT,2020-12-01,2020,12,1291.0
VT,2021-01-01,2021,1,1196.0
VT,2021-02-01,2021,2,1084.0
VT,2021-03-01,2021,3,1422.0
VT,2021-04-01,2021,4,1489.0
VT,2021-05-01,2021,5,1630.0
VT,2021-06-01,2021,6,1617.0
VT,2021-07-01,2021,7,1694.0
VT,2021-08-01,2021,8,1813.0
VT,2021-09-01,2021,9,1850.0
VT,2021-10-01,2021,10,1778.0
VT,2021-11-01,2021,11,1501.0
VT,2021-12-01,2021,12,1447.0
VT,2022-01-01,2022,1,1215.0
VT,2022-02-01,2022,2,1155.0
VT,2022-03-01,2022,3,1559.0
VT,2022-04-01,2022,4,1475.0
VT,2022-05-01,2022,5,1742.0
VT,2022-06-01,2022,6,1794.0
VT,2022-07-01,2022,7,1905.0
VT,2022-08-01,2022,8,1922.0
VT,2022-09-01,2022,9,1833.0
VT,2022-10-01,2022,10,1831.0
VT,2022-11-01,2022,11,1617.0
VT,2022-12-01,2022,12,1475.0
VT,2023-01-01,2023,1,1445.0
VT,2023-02-01,2023,2,1201.0
VT,2023-03-01,2023,3,1636.0
VT,2023-04-01,2023,4,1502.0
VT,2023-05-01,2023,5,1717.0
VT,2023-06-01,2023,6,1668.0
VT,2023-07-01,2023,7,1933.0
VT,2023-08-01,2023,8,2076.0
VT,2023-09-01,2023,9,1944.0
VT,2023-10-01,2023,10,1973.0
VT,2023-11-01,2023,11,1593.0
VT,2023-12-01,2023,12,1464.0
VT,2024-01-01,2024,1,1436.0
VT,2024-02-01,2024,2,1337.0
VT,2024-03-01,2024,3,1445.0
VT,2024-04-01,2024,4,1422.0
VT,2024-05-01,2024,5,1629.0
VT,2024-06-01,2024,6,1553.0
VT,2024-07-01,2024,7,1690.0
VT,2024-08-01,2024,8,1757.0
VT,2024-09-01,2024,9,1806.0
VT,2024-10-01,2024,10,1834.0
VT,2024-11-01,2024,11,1535.0
VT,2024-12-01,2024,12,1475.0
WA,2015-01-01,2015,1,26873.0
WA,2015-02-01,2015,2,23496.0
WA,2015-03-01,2015,3,26432.0
WA,2015-04-01,2015,4,25892.0
WA,2015-05-01,2015,5,27375.0
WA,2015-06-01,2015,6,27110.0
WA,2015-07-01,2015,7,28365.0
WA,2015-08-01,2015,8,27872.0
WA,2015-09-01,2015,9,27357.0
WA,2015-10-01,2015,10,28351.0
WA,2015-11-01,2015,11,29327.0
WA,2015-12-01,2015,12,31413.0
WA,2016-01-01,2016,1,30785.0
WA,2016-02-01,2016,2,28223.0
WA,2016-03-01,2016,3,29930.0
WA,2016-04-01,2016,4,29645.0
WA,2016-05-01,2016,5,30924.0
WA,2016-06-01,2016,6,29523.0
WA,2016-07-01,2016,7,30470.0
WA,2016-08-01,2016,8,31432.0
WA,2016-09-01,2016,9,30854.0
WA,2016-10-01,2016,10,34636.0
WA,2016-11-01,2016,11,34166.0
WA,2016-12-01,2016,12,31946.0
WA,2017-01-01,2017,1,31761.0
WA,2017-02-01,2017,2,27298.0
WA,2017-03-01,2017,3,32663.0
WA,2017-04-01,2017,4,32053.0
WA,2017-05-01,2017,5,34322.0
WA,2017-06-01,2017,6,33377.0
WA,2017-07-01,2017,7,33224.0
WA,2017-08-01,2017,8,33018.0
WA,2017-09-01,2017,9,30869.0
WA,2017-10-01,2017,10,33145.0
WA,2017-11-01,2017,11,31029.0
WA,2017-12-01,2017,12,30682.0
WA,2018-01-01,2018,1,32630.0
WA,2018-02-01,2018,2,27855.0
WA,2018-03-01,2018,3,30500.0
WA,2018-04-01,2018,4,30017.0
WA,2018-05-01,2018,5,33069.0
WA,2018-06-01,2018,6,31015.0
WA,2018-07-01,2018,7,32063.0
WA,2018-08-01,2018,8,33301.0
WA,2018-09-01,2018,9,32001.0
WA,2018-10-01,2018,10,33198.0
WA,2018-11-01,2018,11,31305.0
WA,2018-12-01,2018,12,31562.0
WA,2019-01-01,2019,1,32729.0
WA,2019-02-01,2019,2,24917.0
WA,2019-03-01,2019,3,29271.0
WA,2019-04-01,2019,4,29480.0
WA,2019-05-01,2019,5,32202.0
WA,2019-06-01,2019,6,30625.0
WA,2019-07-01,2019,7,32627.0
WA,2019-08-01,2019,8,32657.0
WA,2019-09-01,2019,9,30588.0
WA,2019-10-01,2019,10,31527.0
WA,2019-11-01,2019,11,30129.0
WA,2019-12-01,2019,12,31224.0
WA,2020-01-01,2020,1,31725.0
WA,2020-02-01,2020,2,29418.0
WA,2020-03-01,2020,3,32218.0
WA,2020-04-01,2020,4,30156.0
WA,2020-05-01,2020,5,56894.0
WA,2020-06-01,2020,6,30858.0
WA,2020-07-01,2020,7,31851.0
WA,2020-08-01,2020,8,33146.0
WA,2020-09-01,2020,9,32706.0
WA,2020-10-01,2020,10,33138.0
WA,2020-11-01,2020,11,30349.0
WA,2020-12-01,2020,12,32043.0
WA,2021-01-01,2021,1,31938.0
WA,2021-02-01,2021,2,27751.0
WA,2021-03-01,2021,3,29841.0
WA,2021-04-01,2021,4,28508.0
WA,2021-05-01,2021,5,30960.0
WA,2021-06-01,2021,6,30507.0
WA,2021-07-01,2021,7,32651.0
WA,2021-08-01,2021,8,33504.0
WA,2021-09-01,2021,9,34805.0
WA,2021-10-01,2021,10,38066.0
WA,2021-11-01,2021,11,36986.0
WA,2021-12-01,2021,12,35701.0
WA,2022-01-01,2022,1,38181.0
WA,2022-02-01,2022,2,35317.0
WA,2022-03-01,2022,3,39111.0
WA,2022-04-01,2022,4,36046.0
WA,2022-05-01,2022,5,36396.0
WA,2022-06-01,2022,6,35458.0
WA,2022-07-01,2022,7,36432.0
WA,2022-08-01,2022,8,35957.0
WA,2022-09-01,2022,9,33822.0
WA,2022-10-01,2022,10,36289.0
WA,2022-11-01,2022,11,32340.0
WA,2022-12-01,2022,12,31960.0
WA,2023-01-01,2023,1,34075.0
WA,2023-02-01,2023,2,29363.0
WA,2023-03-01,2023,3,32378.0
WA,2023-04-01,2023,4,31108.0
WA,2023-05-01,2023,5,34106.0
WA,2023-06-01,2023,6,32214.0
WA,2023-07-01,2023,7,34383.0
WA,2023-08-01,2023,8,34427.0
WA,2023-09-01,2023,9,32531.0
WA,2023-10-01,2023,10,33759.0
WA,2023-11-01,2023,11,30515.0
WA,2023-12-01,2023,12,31350.0
WA,2024-01-01,2024,1,31187.0
WA,2024-02-01,2024,2,28847.0
WA,2024-03-01,2024,3,30235.0
WA,2024-04-01,2024,4,29740.0
WA,2024-05-01,2024,5,30943.0
WA,2024-06-01,2024,6,29142.0
WA,2024-07-01,2024,7,30892.0
WA,2024-08-01,2024,8,31284.0
WA,2024-09-01,2024,9,31131.0
WA,2024-10-01,2024,10,30979.0
WA,2024-11-01,2024,11,27820.0
WA,2024-12-01,2024,12,27412.0
WI,2015-01-01,2015,1,8578.0
WI,2015-02-01,2015,2,7453.0
WI,2015-03-01,2015,3,9627.0
WI,2015-04-01,2015,4,10359.0
WI,2015-05-01,2015,5,10175.0
WI,2015-06-01,2015,6,10613.0
WI,2015-07-01,2015,7,10861.0
WI,2015-08-01,2015,8,10856.0
WI,2015-09-01,2015,9,10839.0
WI,2015-10-01,2015,10,10731.0
WI,2015-11-01,2015,11,10075.0
WI,2015-12-01,2015,12,10402.0
WI,2016-01-01,2016,1,10467.0
WI,2016-02-01,2016,2,9157.0
WI,2016-03-01,2016,3,10407.0
WI,2016-04-01,2016,4,10696.0
WI,2016-05-01,2016,5,11466.0
WI,2016-06-01,2016,6,11701.0
WI,2016-07-01,2016,7,12015.0
WI,2016-08-01,2016,8,12301.0
WI,2016-09-01,2016,9,11686.0
WI,2016-10-01,2016,10,12080.0
WI,2016-11-01,2016,11,10880.0
WI,2016-12-01,2016,12,9435.0
WI,2017-01-01,2017,1,11185.0
WI,2017-02-01,2017,2,10457.0
WI,2017-03-01,2017,3,10802.0
WI,2017-04-01,2017,4,11582.0
WI,2017-05-01,2017,5,12814.0
WI,2017-06-01,2017,6,12217.0
WI,2017-07-01,2017,7,13489.0
WI,2017-08-01,2017,8,13311.0
WI,2017-09-01,2017,9,12242.0
WI,2017-10-01,2017,10,12570.0
WI,2017-11-01,2017,11,11553.0
WI,2017-12-01,2017,12,10652.0
WI,2018-01-01,2018,1,12149.0
WI,2018-02-01,2018,2,10491.0
WI,2018-03-01,2018,3,12178.0
WI,2018-04-01,2018,4,11403.0
WI,2018-05-01,2018,5,12651.0
WI,2018-06-01,2018,6,12732.0
WI,2018-07-01,2018,7,13201.0
WI,2018-08-01,2018,8,13043.0
WI,2018-09-01,2018,9,12707.0
WI,2018-10-01,2018,10,12838.0
WI,2018-11-01,2018,11,11320.0
WI,2018-12-01,2018,12,11692.0
WI,2019-01-01,2019,1,11589.0
WI,2019-02-01,2019,2,10162.0
WI,2019-03-01,2019,3,12081.0
WI,2019-04-01,2019,4,12952.0
WI,2019-05-01,2019,5,13983.0
WI,2019-06-01,2019,6,13508.0
WI,2019-07-01,2019,7,14869.0
WI,2019-08-01,2019,8,14515.0
WI,2019-09-01,2019,9,14717.0
WI,2019-10-01,2019,10,14330.0
WI,2019-11-01,2019,11,12711.0
WI,2019-12-01,2019,12,13314.0
WI,2020-01-01,2020,1,14389.0
WI,2020-02-01,2020,2,13336.0
WI,2020-03-01,2020,3,13576.0
WI,2020-04-01,2020,4,11822.0
WI,2020-05-01,2020,5,14688.0
WI,2020-06-01,2020,6,16346.0
WI,2020-07-01,2020,7,17708.0
WI,2020-08-01,2020,8,17984.0
WI,2020-09-01,2020,9,16702.0
WI,2020-10-01,2020,10,16571.0
WI,2020-11-01,2020,11,14761.0
WI,2020-12-01,2020,12,15154.0
WI,2021-01-01,2021,1,16453.0
WI,2021-02-01,2021,2,13704.0
WI,2021-03-01,2021,3,16957.0
WI,2021-04-01,2021,4,17123.0
WI,2021-05-01,2021,5,18590.0
WI,2021-06-01,2021,6,18566.0
WI,2021-07-01,2021,7,20450.0
WI,2021-08-01,2021,8,19460.0
WI,2021-09-01,2021,9,18848.0
WI,2021-10-01,2021,10,19172.0
WI,2021-11-01,2021,11,17274.0
WI,2021-12-01,2021,12,16769.0
WI,2022-01-01,2022,1,15806.0
WI,2022-02-01,2022,2,14629.0
WI,2022-03-01,2022,3,16875.0
WI,2022-04-01,2022,4,17008.0
WI,2022-05-01,2022,5,18467.0
WI,2022-06-01,2022,6,17845.0
WI,2022-07-01,2022,7,19152.0
WI,2022-08-01,2022,8,18218.0
WI,2022-09-01,2022,9,17060.0
WI,2022-10-01,2022,10,17584.0
WI,2022-11-01,2022,11,15617.0
WI,2022-12-01,2022,12,15039.0
WI,2023-01-01,2023,1,15530.0
WI,2023-02-01,2023,2,13466.0
WI,2023-03-01,2023,3,15814.0
WI,2023-04-01,2023,4,16321.0
WI,2023-05-01,2023,5,16734.0
WI,2023-06-01,2023,6,15779.0
WI,2023-07-01,2023,7,17647.0
WI,2023-08-01,2023,8,16988.0
WI,2023-09-01,2023,9,16345.0
WI,2023-10-01,2023,10,16374.0
WI,2023-11-01,2023,11,14894.0
WI,2023-12-01,2023,12,14963.0
WI,2024-01-01,2024,1,14394.0
WI,2024-02-01,2024,2,14803.0
WI,2024-03-01,2024,3,15435.0
WI,2024-04-01,2024,4,15280.0
WI,2024-05-01,2024,5,16703.0
WI,2024-06-01,2024,6,16364.0
WI,2024-07-01,2024,7,17615.0
WI,2024-08-01,2024,8,16823.0
WI,2024-09-01,2024,9,16319.0
WI,2024-10-01,2024,10,15811.0
WI,2024-11-01,2024,11,12567.0
WI,2024-12-01,2024,12,13838.0
WV,2015-01-01,2015,1,5289.0
WV,2015-02-01,2015,2,3750.0
WV,2015-03-01,2015,3,5017.0
WV,2015-04-01,2015,4,5458.0
WV,2015-05-01,2015,5,6021.0
WV,2015-06-01,2015,6,6130.0
WV,2015-07-01,2015,7,6167.0
WV,2015-08-01,2015,8,6058.0
WV,2015-09-01,2015,9,5690.0
WV,2015-10-01,2015,10,5977.0
WV,2015-11-01,2015,11,5388.0
WV,2015-12-01,2015,12,6453.0
WV,2016-01-01,2016,1,5074.0
WV,2016-02-01,2016,2,4723.0
WV,2016-03-01,2016,3,6270.0
WV,2016-04-01,2016,4,6178.0
WV,2016-05-01,2016,5,6410.0
WV,2016-06-01,2016,6,6365.0
WV,2016-07-01,2016,7,6345.0
WV,2016-08-01,2016,8,6463.0
WV,2016-09-01,2016,9,5785.0
WV,2016-10-01,2016,10,5419.0
WV,2016-11-01,2016,11,5472.0
WV,2016-12-01,2016,12,5254.0
WV,2017-01-01,2017,1,5940.0
WV,2017-02-01,2017,2,5163.0
WV,2017-03-01,2017,3,5512.0
WV,2017-04-01,2017,4,5715.0
WV,2017-05-01,2017,5,6113.0
WV,2017-06-01,2017,6,5819.0
WV,2017-07-01,2017,7,5913.0
WV,2017-08-01,2017,8,6103.0
WV,2017-09-01,2017,9,5893.0
WV,2017-10-01,2017,10,5740.0
WV,2017-11-01,2017,11,5253.0
WV,2017-12-01,2017,12,4939.0
WV,2018-01-01,2018,1,4885.0
WV,2018-02-01,2018,2,4629.0
WV,2018-03-01,2018,3,4850.0
WV,2018-04-01,2018,4,4839.0
WV,2018-05-01,2018,5,5112.0
WV,2018-06-01,2018,6,4794.0
WV,2018-07-01,2018,7,4249.0
WV,2018-08-01,2018,8,4970.0
WV,2018-09-01,2018,9,4781.0
WV,2018-10-01,2018,10,4110.0
WV,2018-11-01,2018,11,4181.0
WV,2018-12-01,2018,12,4723.0
WV,2019-01-01,2019,1,4344.0
WV,2019-02-01,2019,2,4207.0
WV,2019-03-01,2019,3,4703.0
WV,2019-04-01,2019,4,4783.0
WV,2019-05-01,2019,5,4911.0
WV,2019-06-01,2019,6,4770.0
WV,2019-07-01,2019,7,5193.0
WV,2019-08-01,2019,8,4940.0
WV,2019-09-01,2019,9,4505.0
WV,2019-10-01,2019,10,3442.0
WV,2019-11-01,2019,11,3645.0
WV,2019-12-01,2019,12,4397.0
WV,2020-01-01,2020,1,5206.0
WV,2020-02-01,2020,2,4663.0
WV,2020-03-01,2020,3,4268.0
WV,2020-04-01,2020,4,3512.0
WV,2020-05-01,2020,5,4484.0
WV,2020-06-01,2020,6,4417.0
WV,2020-07-01,2020,7,5228.0
WV,2020-08-01,2020,8,5611.0
WV,2020-09-01,2020,9,5172.0
WV,2020-10-01,2020,10,5064.0
WV,2020-11-01,2020,11,4584.0
WV,2020-12-01,2020,12,4394.0
WV,2021-01-01,2021,1,4846.0
WV,2021-02-01,2021,2,4272.0
WV,2021-03-01,2021,3,5202.0
WV,2021-04-01,2021,4,4695.0
WV,2021-05-01,2021,5,4931.0
WV,2021-06-01,2021,6,4775.0
WV,2021-07-01,2021,7,4870.0
WV,2021-08-01,2021,8,4852.0
WV,2021-09-01,2021,9,4723.0
WV,2021-10-01,2021,10,4134.0
WV,2021-11-01,2021,11,3983.0
WV,2021-12-01,2021,12,4494.0
WV,2022-01-01,2022,1,4022.0
WV,2022-02-01,2022,2,3884.0
WV,2022-03-01,2022,3,4708.0
WV,2022-04-01,2022,4,4556.0
WV,2022-05-01,2022,5,4745.0
WV,2022-06-01,2022,6,4485.0
WV,2022-07-01,2022,7,4708.0
WV,2022-08-01,2022,8,4691.0
WV,2022-09-01,2022,9,4588.0
WV,2022-10-01,2022,10,4484.0
WV,2022-11-01,2022,11,4029.0
WV,2022-12-01,2022,12,4064.0
WV,2023-01-01,2023,1,4285.0
WV,2023-02-01,2023,2,3802.0
WV,2023-03-01,2023,3,4383.0
WV,2023-04-01,2023,4,4386.0
WV,2023-05-01,2023,5,4486.0
WV,2023-06-01,2023,6,4298.0
WV,2023-07-01,2023,7,4444.0
WV,2023-08-01,2023,8,4573.0
WV,2023-09-01,2023,9,4281.0
WV,2023-10-01,2023,10,4290.0
WV,2023-11-01,2023,11,3717.0
WV,2023-12-01,2023,12,3699.0
WV,2024-01-01,2024,1,3371.0
WV,2024-02-01,2024,2,4060.0
WV,2024-03-01,2024,3,4372.0
WV,2024-04-01,2024,4,4428.0
WV,2024-05-01,2024,5,4469.0
WV,2024-06-01,2024,6,3988.0
WV,2024-07-01,2024,7,4182.0
WV,2024-08-01,2024,8,4558.0
WV,2024-09-01,2024,9,4201.0
WV,2024-10-01,2024,10,3725.0
WV,2024-11-01,2024,11,3543.0
WV,2024-12-01,2024,12,3281.0
